date,m2,hy_spread,fed_balance,tga,rrp,net_liquidity
2023-01-01,21279.4,,8551169.0,427926.0,2553.716,8.1207
2023-01-02,21279.4,,8551169.0,427926.0,2553.716,8.1207
2023-01-03,21279.4,,8551169.0,427926.0,2188.272,8.1211
2023-01-04,21279.4,,8507429.0,423625.0,2229.542,8.0816
2023-01-05,21279.4,,8507429.0,423625.0,2242.486,8.0816
2023-01-06,21279.4,,8507429.0,423625.0,2208.265,8.0816
2023-01-07,21279.4,,8507429.0,423625.0,2208.265,8.0816
2023-01-08,21279.4,,8507429.0,423625.0,2208.265,8.0816
2023-01-09,21279.4,,8507429.0,423625.0,2199.121,8.0816
2023-01-10,21279.4,,8507429.0,423625.0,2192.942,8.0816
2023-01-11,21279.4,,8508587.0,372340.0,2199.17,8.134
2023-01-12,21279.4,,8508587.0,372340.0,2202.989,8.134
2023-01-13,21279.4,,8508587.0,372340.0,2179.781,8.1341
2023-01-14,21279.4,,8508587.0,372340.0,2179.781,8.1341
2023-01-15,21279.4,,8508587.0,372340.0,2179.781,8.1341
2023-01-16,21279.4,,8508587.0,372340.0,2179.781,8.1341
2023-01-17,21279.4,,8508587.0,372340.0,2093.328,8.1342
2023-01-18,21279.4,,8489039.0,339018.0,2131.678,8.1479
2023-01-19,21279.4,,8489039.0,339018.0,2110.145,8.1479
2023-01-20,21279.4,,8489039.0,339018.0,2090.523,8.1479
2023-01-21,21279.4,,8489039.0,339018.0,2090.523,8.1479
2023-01-22,21279.4,,8489039.0,339018.0,2090.523,8.1479
2023-01-23,21279.4,,8489039.0,339018.0,2135.499,8.1479
2023-01-24,21279.4,,8489039.0,339018.0,2048.386,8.148
2023-01-25,21279.4,,8470557.0,491848.0,2031.561,7.9767
2023-01-26,21279.4,,8470557.0,491848.0,2024.069,7.9767
2023-01-27,21279.4,,8470557.0,491848.0,2003.634,7.9767
2023-01-28,21279.4,,8470557.0,491848.0,2003.634,7.9767
2023-01-29,21279.4,,8470557.0,491848.0,2003.634,7.9767
2023-01-30,21279.4,,8470557.0,491848.0,2048.714,7.9767
2023-01-31,21279.4,,8470557.0,491848.0,2061.572,7.9766
2023-02-01,21242.9,,8433610.0,560089.0,2038.262,7.8715
2023-02-02,21242.9,,8433610.0,560089.0,2050.063,7.8715
2023-02-03,21242.9,,8433610.0,560089.0,2041.217,7.8715
2023-02-04,21242.9,,8433610.0,560089.0,2041.217,7.8715
2023-02-05,21242.9,,8433610.0,560089.0,2041.217,7.8715
2023-02-06,21242.9,,8433610.0,560089.0,2072.261,7.8714
2023-02-07,21242.9,,8433610.0,560089.0,2057.958,7.8715
2023-02-08,21242.9,,8435369.0,493277.0,2059.604,7.94
2023-02-09,21242.9,,8435369.0,493277.0,2058.942,7.94
2023-02-10,21242.9,,8435369.0,493277.0,2042.893,7.94
2023-02-11,21242.9,,8435369.0,493277.0,2042.893,7.94
2023-02-12,21242.9,,8435369.0,493277.0,2042.893,7.94
2023-02-13,21242.9,,8435369.0,493277.0,2107.775,7.94
2023-02-14,21242.9,,8435369.0,493277.0,2076.548,7.94
2023-02-15,21242.9,,8384767.0,490379.0,2011.998,7.8924
2023-02-16,21242.9,,8384767.0,490379.0,2032.457,7.8924
2023-02-17,21242.9,,8384767.0,490379.0,2059.662,7.8923
2023-02-18,21242.9,,8384767.0,490379.0,2059.662,7.8923
2023-02-19,21242.9,,8384767.0,490379.0,2059.662,7.8923
2023-02-20,21242.9,,8384767.0,490379.0,2059.662,7.8923
2023-02-21,21242.9,,8384767.0,490379.0,2046.064,7.8923
2023-02-22,21242.9,,8382190.0,477333.0,2113.849,7.9027
2023-02-23,21242.9,,8382190.0,477333.0,2147.417,7.9027
2023-02-24,21242.9,,8382190.0,477333.0,2142.141,7.9027
2023-02-25,21242.9,,8382190.0,477333.0,2142.141,7.9027
2023-02-26,21242.9,,8382190.0,477333.0,2142.141,7.9027
2023-02-27,21242.9,,8382190.0,477333.0,2162.435,7.9027
2023-02-28,21242.9,,8382190.0,477333.0,2188.035,7.9027
2023-03-01,20946.8,,8339684.0,381245.0,2133.95,7.9563
2023-03-02,20946.8,,8339684.0,381245.0,2192.355,7.9562
2023-03-03,20946.8,,8339684.0,381245.0,2186.15,7.9563
2023-03-04,20946.8,,8339684.0,381245.0,2186.15,7.9563
2023-03-05,20946.8,,8339684.0,381245.0,2186.15,7.9563
2023-03-06,20946.8,,8339684.0,381245.0,2190.793,7.9562
2023-03-07,20946.8,,8339684.0,381245.0,2170.195,7.9563
2023-03-08,20946.8,,8342283.0,333350.0,2193.237,8.0067
2023-03-09,20946.8,,8342283.0,333350.0,2229.623,8.0067
2023-03-10,20946.8,,8342283.0,333350.0,2188.375,8.0067
2023-03-11,20946.8,,8342283.0,333350.0,2188.375,8.0067
2023-03-12,20946.8,,8342283.0,333350.0,2188.375,8.0067
2023-03-13,20946.8,,8342283.0,333350.0,2126.677,8.0068
2023-03-14,20946.8,,8342283.0,333350.0,2042.579,8.0069
2023-03-15,20946.8,,8639300.0,232866.0,2055.823,8.4044
2023-03-16,20946.8,,8639300.0,232866.0,2066.319,8.4044
2023-03-17,20946.8,,8639300.0,232866.0,2106.166,8.4043
2023-03-18,20946.8,,8639300.0,232866.0,2106.166,8.4043
2023-03-19,20946.8,,8639300.0,232866.0,2106.166,8.4043
2023-03-20,20946.8,,8639300.0,232866.0,2098.393,8.4043
2023-03-21,20946.8,,8639300.0,232866.0,2194.631,8.4042
2023-03-22,20946.8,,8733787.0,259587.0,2279.608,8.4719
2023-03-23,20946.8,,8733787.0,259587.0,2233.956,8.472
2023-03-24,20946.8,,8733787.0,259587.0,2218.458,8.472
2023-03-25,20946.8,,8733787.0,259587.0,2218.458,8.472
2023-03-26,20946.8,,8733787.0,259587.0,2218.458,8.472
2023-03-27,20946.8,,8733787.0,259587.0,2220.131,8.472
2023-03-28,20946.8,,8733787.0,259587.0,2231.749,8.472
2023-03-29,20946.8,,8705942.0,183577.0,2264.862,8.5201
2023-03-30,20946.8,,8705942.0,183577.0,2271.531,8.5201
2023-03-31,20946.8,,8705942.0,183577.0,2375.171,8.52
2023-04-01,20761.4,,8705942.0,183577.0,2375.171,8.52
2023-04-02,20761.4,,8705942.0,183577.0,2375.171,8.52
2023-04-03,20761.4,,8705942.0,183577.0,2221.01,8.5201
2023-04-04,20761.4,,8705942.0,183577.0,2219.375,8.5201
2023-04-05,20761.4,,8632384.0,168793.0,2243.011,8.4613
2023-04-06,20761.4,,8632384.0,168793.0,2173.663,8.4614
2023-04-07,20761.4,,8632384.0,168793.0,2173.663,8.4614
2023-04-08,20761.4,,8632384.0,168793.0,2173.663,8.4614
2023-04-09,20761.4,,8632384.0,168793.0,2173.663,8.4614
2023-04-10,20761.4,,8632384.0,168793.0,2239.655,8.4614
2023-04-11,20761.4,,8632384.0,168793.0,2297.208,8.4613
2023-04-12,20761.4,,8614797.0,109208.0,2303.862,8.5033
2023-04-13,20761.4,,8614797.0,109208.0,2321.699,8.5033
2023-04-14,20761.4,,8614797.0,109208.0,2253.786,8.5033
2023-04-15,20761.4,,8614797.0,109208.0,2253.786,8.5033
2023-04-16,20761.4,,8614797.0,109208.0,2253.786,8.5033
2023-04-17,20761.4,,8614797.0,109208.0,2256.845,8.5033
2023-04-18,20761.4,,8614797.0,109208.0,2238.994,8.5034
2023-04-19,20761.4,,8593263.0,166555.0,2294.677,8.4244
2023-04-20,20761.4,,8593263.0,166555.0,2277.259,8.4244
2023-04-21,20761.4,,8593263.0,166555.0,2290.023,8.4244
2023-04-22,20761.4,,8593263.0,166555.0,2290.023,8.4244
2023-04-23,20761.4,,8593263.0,166555.0,2290.023,8.4244
2023-04-24,20761.4,,8593263.0,166555.0,2308.538,8.4244
2023-04-25,20761.4,,8593263.0,166555.0,2275.402,8.4244
2023-04-26,20761.4,,8562768.0,291702.0,2279.561,8.2688
2023-04-27,20761.4,,8562768.0,291702.0,2273.926,8.2688
2023-04-28,20761.4,,8562768.0,291702.0,2325.479,8.2687
2023-04-29,20761.4,,8562768.0,291702.0,2325.479,8.2687
2023-04-30,20761.4,,8562768.0,291702.0,2325.479,8.2687
2023-05-01,20829.6,,8562768.0,291702.0,2239.866,8.2688
2023-05-02,20829.6,,8562768.0,291702.0,2267.13,8.2688
2023-05-03,20829.6,,8503994.0,269216.0,2258.222,8.2325
2023-05-04,20829.6,,8503994.0,269216.0,2242.399,8.2325
2023-05-05,20829.6,,8503994.0,269216.0,2207.415,8.2326
2023-05-06,20829.6,,8503994.0,269216.0,2207.415,8.2326
2023-05-07,20829.6,,8503994.0,269216.0,2207.415,8.2326
2023-05-08,20829.6,,8503994.0,269216.0,2217.601,8.2326
2023-05-09,20829.6,,8503994.0,269216.0,2222.864,8.2326
2023-05-10,20829.6,,8503017.0,197666.0,2233.149,8.3031
2023-05-11,20829.6,,8503017.0,197666.0,2242.243,8.3031
2023-05-12,20829.6,,8503017.0,197666.0,2229.199,8.3031
2023-05-13,20829.6,,8503017.0,197666.0,2229.199,8.3031
2023-05-14,20829.6,,8503017.0,197666.0,2229.199,8.3031
2023-05-15,20829.6,,8503017.0,197666.0,2220.927,8.3031
2023-05-16,20829.6,4.79,8503017.0,197666.0,2203.214,8.3031
2023-05-17,20829.6,4.75,8456760.0,116220.0,2213.676,8.3383
2023-05-18,20829.6,4.69,8456760.0,116220.0,2238.266,8.3383
2023-05-19,20829.6,4.62,8456760.0,116220.0,2276.72,8.3383
2023-05-20,20829.6,4.62,8456760.0,116220.0,2276.72,8.3383
2023-05-21,20829.6,4.62,8456760.0,116220.0,2276.72,8.3383
2023-05-22,20829.6,4.54,8456760.0,116220.0,2275.311,8.3383
2023-05-23,20829.6,4.6,8456760.0,116220.0,2256.689,8.3383
2023-05-24,20829.6,4.68,8436255.0,61952.0,2250.709,8.3721
2023-05-25,20829.6,4.58,8436255.0,61952.0,2197.638,8.3721
2023-05-26,20829.6,4.53,8436255.0,61952.0,2189.681,8.3721
2023-05-27,20829.6,4.53,8436255.0,61952.0,2189.681,8.3721
2023-05-28,20829.6,4.53,8436255.0,61952.0,2189.681,8.3721
2023-05-29,20829.6,4.54,8436255.0,61952.0,2189.681,8.3721
2023-05-30,20829.6,4.58,8436255.0,61952.0,2200.479,8.3721
2023-05-31,20829.6,4.69,8385854.0,48954.0,2254.859,8.3346
2023-06-01,20799.3,4.65,8385854.0,48954.0,2160.055,8.3347
2023-06-02,20799.3,4.37,8385854.0,48954.0,2142.102,8.3348
2023-06-03,20799.3,4.37,8385854.0,48954.0,2142.102,8.3348
2023-06-04,20799.3,4.37,8385854.0,48954.0,2142.102,8.3348
2023-06-05,20799.3,4.39,8385854.0,48954.0,2131.417,8.3348
2023-06-06,20799.3,4.39,8385854.0,48954.0,2134.638,8.3348
2023-06-07,20799.3,4.33,8389325.0,44756.0,2161.556,8.3424
2023-06-08,20799.3,4.39,8389325.0,44756.0,2141.798,8.3424
2023-06-09,20799.3,4.29,8389325.0,44756.0,2127.652,8.3424
2023-06-10,20799.3,4.29,8389325.0,44756.0,2127.652,8.3424
2023-06-11,20799.3,4.29,8389325.0,44756.0,2127.652,8.3424
2023-06-12,20799.3,4.34,8389325.0,44756.0,2126.87,8.3424
2023-06-13,20799.3,4.18,8389325.0,44756.0,2074.52,8.3425
2023-06-14,20799.3,4.18,8388323.0,102118.0,2109.105,8.2841
2023-06-15,20799.3,4.21,8388323.0,102118.0,1992.14,8.2842
2023-06-16,20799.3,4.15,8388323.0,102118.0,2011.556,8.2842
2023-06-17,20799.3,4.15,8388323.0,102118.0,2011.556,8.2842
2023-06-18,20799.3,4.15,8388323.0,102118.0,2011.556,8.2842
2023-06-19,20799.3,4.15,8388323.0,102118.0,2011.556,8.2842
2023-06-20,20799.3,4.22,8388323.0,102118.0,1989.489,8.2842
2023-06-21,20799.3,4.32,8362060.0,276850.0,2037.102,8.0832
2023-06-22,20799.3,4.3,8362060.0,276850.0,1994.711,8.0832
2023-06-23,20799.3,4.4,8362060.0,276850.0,1969.38,8.0832
2023-06-24,20799.3,4.4,8362060.0,276850.0,1969.38,8.0832
2023-06-25,20799.3,4.4,8362060.0,276850.0,1969.38,8.0832
2023-06-26,20799.3,4.45,8362060.0,276850.0,1961.027,8.0832
2023-06-27,20799.3,4.3,8362060.0,276850.0,1951.098,8.0833
2023-06-28,20799.3,4.27,8340914.0,390571.0,1945.211,7.9484
2023-06-29,20799.3,4.14,8340914.0,390571.0,1934.684,7.9484
2023-06-30,20799.3,4.05,8340914.0,390571.0,2034.319,7.9483
2023-07-01,20791.2,4.05,8340914.0,390571.0,2034.319,7.9483
2023-07-02,20791.2,4.05,8340914.0,390571.0,2034.319,7.9483
2023-07-03,20791.2,3.99,8340914.0,390571.0,1909.639,7.9484
2023-07-04,20791.2,3.99,8340914.0,390571.0,1909.639,7.9484
2023-07-05,20791.2,4.01,8298312.0,415441.0,1867.061,7.881
2023-07-06,20791.2,4.1,8298312.0,415441.0,1854.256,7.881
2023-07-07,20791.2,4.08,8298312.0,415441.0,1822.303,7.881
2023-07-08,20791.2,4.08,8298312.0,415441.0,1822.303,7.881
2023-07-09,20791.2,4.08,8298312.0,415441.0,1822.303,7.881
2023-07-10,20791.2,4.13,8298312.0,415441.0,1811.981,7.8811
2023-07-11,20791.2,4.05,8298312.0,415441.0,1775.796,7.8811
2023-07-12,20791.2,3.95,8296923.0,514337.0,1820.146,7.7808
2023-07-13,20791.2,3.97,8296923.0,514337.0,1767.432,7.7808
2023-07-14,20791.2,3.9,8296923.0,514337.0,1740.777,7.7808
2023-07-15,20791.2,3.9,8296923.0,514337.0,1740.777,7.7808
2023-07-16,20791.2,3.9,8296923.0,514337.0,1740.777,7.7808
2023-07-17,20791.2,3.97,8296923.0,514337.0,1728.322,7.7809
2023-07-18,20791.2,3.9,8296923.0,514337.0,1716.862,7.7809
2023-07-19,20791.2,3.89,8274552.0,531135.0,1732.804,7.7417
2023-07-20,20791.2,3.9,8274552.0,531135.0,1721.001,7.7417
2023-07-21,20791.2,3.89,8274552.0,531135.0,1770.752,7.7416
2023-07-22,20791.2,3.89,8274552.0,531135.0,1770.752,7.7416
2023-07-23,20791.2,3.89,8274552.0,531135.0,1770.752,7.7416
2023-07-24,20791.2,3.82,8274552.0,531135.0,1770.867,7.7416
2023-07-25,20791.2,3.84,8274552.0,531135.0,1720.716,7.7417
2023-07-26,20791.2,3.91,8243344.0,543597.0,1749.733,7.698
2023-07-27,20791.2,3.78,8243344.0,543597.0,1735.783,7.698
2023-07-28,20791.2,3.82,8243344.0,543597.0,1730.227,7.698
2023-07-29,20791.2,3.82,8243344.0,543597.0,1730.227,7.698
2023-07-30,20791.2,3.82,8243344.0,543597.0,1730.227,7.698
2023-07-31,20791.2,3.79,8243344.0,543597.0,1821.124,7.6979
2023-08-01,20777.2,3.82,8243344.0,543597.0,1739.554,7.698
2023-08-02,20777.2,3.96,8206764.0,517459.0,1770.186,7.6875
2023-08-03,20777.2,3.98,8206764.0,517459.0,1776.774,7.6875
2023-08-04,20777.2,4.01,8206764.0,517459.0,1793.804,7.6875
2023-08-05,20777.2,4.01,8206764.0,517459.0,1793.804,7.6875
2023-08-06,20777.2,4.01,8206764.0,517459.0,1793.804,7.6875
2023-08-07,20777.2,3.97,8206764.0,517459.0,1810.583,7.6875
2023-08-08,20777.2,4.0,8206764.0,517459.0,1778.351,7.6875
2023-08-09,20777.2,3.94,8208241.0,444594.0,1796.519,7.7619
2023-08-10,20777.2,3.83,8208241.0,444594.0,1759.897,7.7619
2023-08-11,20777.2,3.83,8208241.0,444594.0,1773.236,7.7619
2023-08-12,20777.2,3.83,8208241.0,444594.0,1773.236,7.7619
2023-08-13,20777.2,3.83,8208241.0,444594.0,1773.236,7.7619
2023-08-14,20777.2,3.79,8208241.0,444594.0,1799.311,7.7618
2023-08-15,20777.2,3.85,8208241.0,444594.0,1743.784,7.7619
2023-08-16,20777.2,3.81,8145727.0,435795.0,1796.725,7.7081
2023-08-17,20777.2,3.95,8145727.0,435795.0,1794.12,7.7081
2023-08-18,20777.2,4.02,8145727.0,435795.0,1819.201,7.7081
2023-08-19,20777.2,4.02,8145727.0,435795.0,1819.201,7.7081
2023-08-20,20777.2,4.02,8145727.0,435795.0,1819.201,7.7081
2023-08-21,20777.2,3.97,8145727.0,435795.0,1824.788,7.7081
2023-08-22,20777.2,3.93,8145727.0,435795.0,1812.294,7.7081
2023-08-23,20777.2,3.92,8139066.0,413787.0,1816.533,7.7235
2023-08-24,20777.2,3.91,8139066.0,413787.0,1731.623,7.7235
2023-08-25,20777.2,3.9,8139066.0,413787.0,1687.379,7.7236
2023-08-26,20777.2,3.9,8139066.0,413787.0,1687.379,7.7236
2023-08-27,20777.2,3.9,8139066.0,413787.0,1687.379,7.7236
2023-08-28,20777.2,3.86,8139066.0,413787.0,1708.605,7.7236
2023-08-29,20777.2,3.87,8139066.0,413787.0,1693.278,7.7236
2023-08-30,20777.2,3.8,8121316.0,470800.0,1696.819,7.6488
2023-08-31,20777.2,3.85,8121316.0,470800.0,1651.602,7.6489
2023-09-01,20747.8,3.81,8121316.0,470800.0,1574.065,7.6489
2023-09-02,20747.8,3.81,8121316.0,470800.0,1574.065,7.6489
2023-09-03,20747.8,3.81,8121316.0,470800.0,1574.065,7.6489
2023-09-04,20747.8,3.81,8121316.0,470800.0,1574.065,7.6489
2023-09-05,20747.8,3.83,8121316.0,470800.0,1568.49,7.6489
2023-09-06,20747.8,3.86,8101318.0,470881.0,1606.244,7.6288
2023-09-07,20747.8,3.9,8101318.0,470881.0,1535.289,7.6289
2023-09-08,20747.8,3.85,8101318.0,470881.0,1525.403,7.6289
2023-09-09,20747.8,3.85,8101318.0,470881.0,1525.403,7.6289
2023-09-10,20747.8,3.85,8101318.0,470881.0,1525.403,7.6289
2023-09-11,20747.8,3.82,8101318.0,470881.0,1549.111,7.6289
2023-09-12,20747.8,3.84,8101318.0,470881.0,1493.781,7.6289
2023-09-13,20747.8,3.85,8098779.0,521507.0,1546.225,7.5757
2023-09-14,20747.8,3.78,8098779.0,521507.0,1492.427,7.5758
2023-09-15,20747.8,3.79,8098779.0,521507.0,1401.403,7.5759
2023-09-16,20747.8,3.79,8098779.0,521507.0,1401.403,7.5759
2023-09-17,20747.8,3.79,8098779.0,521507.0,1401.403,7.5759
2023-09-18,20747.8,3.82,8098779.0,521507.0,1452.942,7.5758
2023-09-19,20747.8,3.82,8098779.0,521507.0,1453.324,7.5758
2023-09-20,20747.8,3.77,8024090.0,640296.0,1486.984,7.3823
2023-09-21,20747.8,3.89,8024090.0,640296.0,1454.115,7.3823
2023-09-22,20747.8,3.93,8024090.0,640296.0,1427.575,7.3824
2023-09-23,20747.8,3.93,8024090.0,640296.0,1427.575,7.3824
2023-09-24,20747.8,3.93,8024090.0,640296.0,1427.575,7.3824
2023-09-25,20747.8,3.97,8024090.0,640296.0,1437.31,7.3824
2023-09-26,20747.8,4.04,8024090.0,640296.0,1438.301,7.3824
2023-09-27,20747.8,4.03,8002064.0,681143.0,1442.805,7.3195
2023-09-28,20747.8,4.09,8002064.0,681143.0,1453.366,7.3195
2023-09-29,20747.8,4.03,8002064.0,681143.0,1557.569,7.3194
2023-09-30,20747.8,4.03,8002064.0,681143.0,1557.569,7.3194
2023-10-01,20732.9,4.03,8002064.0,681143.0,1557.569,7.3194
2023-10-02,20732.9,4.11,8002064.0,681143.0,1365.739,7.3196
2023-10-03,20732.9,4.26,8002064.0,681143.0,1348.465,7.3196
2023-10-04,20732.9,4.37,7955782.0,668009.0,1342.031,7.2864
2023-10-05,20732.9,4.38,7955782.0,668009.0,1265.132,7.2865
2023-10-06,20732.9,4.33,7955782.0,668009.0,1283.461,7.2865
2023-10-07,20732.9,4.33,7955782.0,668009.0,1283.461,7.2865
2023-10-08,20732.9,4.33,7955782.0,668009.0,1283.461,7.2865
2023-10-09,20732.9,4.34,7955782.0,668009.0,1283.461,7.2865
2023-10-10,20732.9,4.26,7955782.0,668009.0,1222.44,7.2866
2023-10-11,20732.9,4.25,7952054.0,709160.0,1239.382,7.2417
2023-10-12,20732.9,4.25,7952054.0,709160.0,1157.319,7.2417
2023-10-13,20732.9,4.3,7952054.0,709160.0,1151.818,7.2417
2023-10-14,20732.9,4.3,7952054.0,709160.0,1151.818,7.2417
2023-10-15,20732.9,4.3,7952054.0,709160.0,1151.818,7.2417
2023-10-16,20732.9,4.27,7952054.0,709160.0,1108.819,7.2418
2023-10-17,20732.9,4.25,7952054.0,709160.0,1082.502,7.2418
2023-10-18,20732.9,4.32,7933162.0,759878.0,1150.781,7.1721
2023-10-19,20732.9,4.37,7933162.0,759878.0,1114.179,7.1722
2023-10-20,20732.9,4.52,7933162.0,759878.0,1138.756,7.1721
2023-10-21,20732.9,4.52,7933162.0,759878.0,1138.756,7.1721
2023-10-22,20732.9,4.52,7933162.0,759878.0,1138.756,7.1721
2023-10-23,20732.9,4.51,7933162.0,759878.0,1157.976,7.1721
2023-10-24,20732.9,4.41,7933162.0,759878.0,1097.875,7.1722
2023-10-25,20732.9,4.37,7907830.0,834418.0,1100.617,7.0723
2023-10-26,20732.9,4.5,7907830.0,834418.0,1089.85,7.0723
2023-10-27,20732.9,4.53,7907830.0,834418.0,1091.858,7.0723
2023-10-28,20732.9,4.53,7907830.0,834418.0,1091.858,7.0723
2023-10-29,20732.9,4.53,7907830.0,834418.0,1091.858,7.0723
2023-10-30,20732.9,4.5,7907830.0,834418.0,1138.035,7.0723
2023-10-31,20732.9,4.42,7907830.0,834418.0,1137.697,7.0723
2023-11-01,20746.5,4.47,7866664.0,820487.0,1079.462,7.0451
2023-11-02,20746.5,4.15,7866664.0,820487.0,1054.986,7.0451
2023-11-03,20746.5,4.04,7866664.0,820487.0,1071.139,7.0451
2023-11-04,20746.5,4.04,7866664.0,820487.0,1071.139,7.0451
2023-11-05,20746.5,4.04,7866664.0,820487.0,1071.139,7.0451
2023-11-06,20746.5,4.0,7866664.0,820487.0,1062.878,7.0451
2023-11-07,20746.5,4.08,7866664.0,820487.0,1008.685,7.0452
2023-11-08,20746.5,4.08,7860691.0,772686.0,1024.451,7.087
2023-11-09,20746.5,4.04,7860691.0,772686.0,993.314,7.087
2023-11-10,20746.5,4.03,7860691.0,772686.0,1032.72,7.087
2023-11-11,20746.5,4.03,7860691.0,772686.0,1032.72,7.087
2023-11-12,20746.5,4.03,7860691.0,772686.0,1032.72,7.087
2023-11-13,20746.5,4.03,7860691.0,772686.0,1020.272,7.087
2023-11-14,20746.5,3.92,7860691.0,772686.0,988.298,7.087
2023-11-15,20746.5,3.89,7814991.0,738562.0,944.241,7.0755
2023-11-16,20746.5,4.02,7814991.0,738562.0,912.01,7.0755
2023-11-17,20746.5,3.99,7814991.0,738562.0,935.803,7.0755
2023-11-18,20746.5,3.99,7814991.0,738562.0,935.803,7.0755
2023-11-19,20746.5,3.99,7814991.0,738562.0,935.803,7.0755
2023-11-20,20746.5,3.92,7814991.0,738562.0,953.088,7.0755
2023-11-21,20746.5,3.95,7814991.0,738562.0,931.155,7.0755
2023-11-22,20746.5,3.9,7810814.0,706017.0,931.604,7.1039
2023-11-23,20746.5,3.9,7810814.0,706017.0,931.604,7.1039
2023-11-24,20746.5,3.85,7810814.0,706017.0,865.907,7.1039
2023-11-25,20746.5,3.85,7810814.0,706017.0,865.907,7.1039
2023-11-26,20746.5,3.85,7810814.0,706017.0,865.907,7.1039
2023-11-27,20746.5,3.89,7810814.0,706017.0,867.22,7.1039
2023-11-28,20746.5,3.9,7810814.0,706017.0,873.344,7.1039
2023-11-29,20746.5,3.8,7796145.0,739209.0,914.187,7.056
2023-11-30,20746.5,3.84,7796145.0,739209.0,887.822,7.056
2023-12-01,20777.9,3.87,7796145.0,739209.0,768.543,7.0562
2023-12-02,20777.9,3.87,7796145.0,739209.0,768.543,7.0562
2023-12-03,20777.9,3.87,7796145.0,739209.0,768.543,7.0562
2023-12-04,20777.9,3.8,7796145.0,739209.0,815.847,7.0561
2023-12-05,20777.9,3.8,7796145.0,739209.0,834.428,7.0561
2023-12-06,20777.9,3.79,7737385.0,682509.0,846.498,7.054
2023-12-07,20777.9,3.77,7737385.0,682509.0,825.734,7.0541
2023-12-08,20777.9,3.75,7737385.0,682509.0,821.408,7.0541
2023-12-09,20777.9,3.75,7737385.0,682509.0,821.408,7.0541
2023-12-10,20777.9,3.75,7737385.0,682509.0,821.408,7.0541
2023-12-11,20777.9,3.79,7737385.0,682509.0,838.507,7.054
2023-12-12,20777.9,3.76,7737385.0,682509.0,837.803,7.054
2023-12-13,20777.9,3.79,7739566.0,658440.0,823.329,7.0803
2023-12-14,20777.9,3.47,7739566.0,658440.0,769.346,7.0804
2023-12-15,20777.9,3.51,7739566.0,658440.0,683.254,7.0804
2023-12-16,20777.9,3.51,7739566.0,658440.0,683.254,7.0804
2023-12-17,20777.9,3.51,7739566.0,658440.0,683.254,7.0804
2023-12-18,20777.9,3.51,7739566.0,658440.0,724.704,7.0804
2023-12-19,20777.9,3.46,7739566.0,658440.0,773.082,7.0804
2023-12-20,20777.9,3.43,7724063.0,732196.0,779.143,6.9911
2023-12-21,20777.9,3.41,7724063.0,732196.0,778.402,6.9911
2023-12-22,20777.9,3.39,7724063.0,732196.0,772.258,6.9911
2023-12-23,20777.9,3.39,7724063.0,732196.0,772.258,6.9911
2023-12-24,20777.9,3.39,7724063.0,732196.0,772.258,6.9911
2023-12-25,20777.9,3.39,7724063.0,732196.0,772.258,6.9911
2023-12-26,20777.9,3.37,7724063.0,732196.0,793.937,6.9911
2023-12-27,20777.9,3.34,7712781.0,731405.0,818.869,6.9806
2023-12-28,20777.9,3.32,7712781.0,731405.0,829.573,6.9805
2023-12-29,20777.9,3.34,7712781.0,731405.0,1018.483,6.9804
2023-12-30,20777.9,3.34,7712781.0,731405.0,1018.483,6.9804
2023-12-31,20777.9,3.39,7712781.0,731405.0,1018.483,6.9804
2024-01-01,20843.9,3.39,7712781.0,731405.0,1018.483,6.9804
2024-01-02,20843.9,3.54,7712781.0,731405.0,704.864,6.9807
2024-01-03,20843.9,3.71,7681024.0,758448.0,719.897,6.9219
2024-01-04,20843.9,3.69,7681024.0,758448.0,664.899,6.9219
2024-01-05,20843.9,3.68,7681024.0,758448.0,694.478,6.9219
2024-01-06,20843.9,3.68,7681024.0,758448.0,694.478,6.9219
2024-01-07,20843.9,3.68,7681024.0,758448.0,694.478,6.9219
2024-01-08,20843.9,3.63,7681024.0,758448.0,691.485,6.9219
2024-01-09,20843.9,3.59,7681024.0,758448.0,676.05,6.9219
2024-01-10,20843.9,3.5,7686710.0,747565.0,679.961,6.9385
2024-01-11,20843.9,3.55,7686710.0,747565.0,626.37,6.9385
2024-01-12,20843.9,3.56,7686710.0,747565.0,603.116,6.9385
2024-01-13,20843.9,3.56,7686710.0,747565.0,603.116,6.9385
2024-01-14,20843.9,3.56,7686710.0,747565.0,603.116,6.9385
2024-01-15,20843.9,3.54,7686710.0,747565.0,603.116,6.9385
2024-01-16,20843.9,3.58,7686710.0,747565.0,583.103,6.9386
2024-01-17,20843.9,3.62,7673741.0,748883.0,590.191,6.9243
2024-01-18,20843.9,3.58,7673741.0,748883.0,618.234,6.9242
2024-01-19,20843.9,3.54,7673741.0,748883.0,625.182,6.9242
2024-01-20,20843.9,3.54,7673741.0,748883.0,625.182,6.9242
2024-01-21,20843.9,3.54,7673741.0,748883.0,625.182,6.9242
2024-01-22,20843.9,3.49,7673741.0,748883.0,647.103,6.9242
2024-01-23,20843.9,3.51,7673741.0,748883.0,621.195,6.9242
2024-01-24,20843.9,3.44,7677230.0,799358.0,639.56,6.8772
2024-01-25,20843.9,3.45,7677230.0,799358.0,557.687,6.8773
2024-01-26,20843.9,3.39,7677230.0,799358.0,570.828,6.8773
2024-01-27,20843.9,3.39,7677230.0,799358.0,570.828,6.8773
2024-01-28,20843.9,3.39,7677230.0,799358.0,570.828,6.8773
2024-01-29,20843.9,3.41,7677230.0,799358.0,581.41,6.8773
2024-01-30,20843.9,3.42,7677230.0,799358.0,577.755,6.8773
2024-01-31,20843.9,3.59,7630124.0,841550.0,615.379,6.788
2024-02-01,20927.4,3.56,7630124.0,841550.0,503.548,6.7881
2024-02-02,20927.4,3.47,7630124.0,841550.0,513.422,6.7881
2024-02-03,20927.4,3.47,7630124.0,841550.0,513.422,6.7881
2024-02-04,20927.4,3.47,7630124.0,841550.0,513.422,6.7881
2024-02-05,20927.4,3.5,7630124.0,841550.0,552.289,6.788
2024-02-06,20927.4,3.52,7630124.0,841550.0,532.439,6.788
2024-02-07,20927.4,3.43,7631300.0,802135.0,553.055,6.8286
2024-02-08,20927.4,3.38,7631300.0,802135.0,535.705,6.8286
2024-02-09,20927.4,3.33,7631300.0,802135.0,569.175,6.8286
2024-02-10,20927.4,3.33,7631300.0,802135.0,569.175,6.8286
2024-02-11,20927.4,3.33,7631300.0,802135.0,569.175,6.8286
2024-02-12,20927.4,3.35,7631300.0,802135.0,581.568,6.8286
2024-02-13,20927.4,3.36,7631300.0,802135.0,553.684,6.8286
2024-02-14,20927.4,3.38,7633874.0,838005.0,575.332,6.7953
2024-02-15,20927.4,3.35,7633874.0,838005.0,493.065,6.7954
2024-02-16,20927.4,3.34,7633874.0,838005.0,532.125,6.7953
2024-02-17,20927.4,3.34,7633874.0,838005.0,532.125,6.7953
2024-02-18,20927.4,3.34,7633874.0,838005.0,532.125,6.7953
2024-02-19,20927.4,3.34,7633874.0,838005.0,532.125,6.7953
2024-02-20,20927.4,3.37,7633874.0,838005.0,530.879,6.7953
2024-02-21,20927.4,3.34,7581683.0,785465.0,574.882,6.7956
2024-02-22,20927.4,3.22,7581683.0,785465.0,553.245,6.7957
2024-02-23,20927.4,3.23,7581683.0,785465.0,520.107,6.7957
2024-02-24,20927.4,3.23,7581683.0,785465.0,520.107,6.7957
2024-02-25,20927.4,3.23,7581683.0,785465.0,520.107,6.7957
2024-02-26,20927.4,3.23,7581683.0,785465.0,524.959,6.7957
2024-02-27,20927.4,3.26,7581683.0,785465.0,519.725,6.7957
2024-02-28,20927.4,3.31,7567807.0,785821.0,569.855,6.7814
2024-02-29,20927.4,3.29,7567807.0,785821.0,502.074,6.7815
2024-03-01,20973.9,3.32,7567807.0,785821.0,441.265,6.7815
2024-03-02,20973.9,3.32,7567807.0,785821.0,441.265,6.7815
2024-03-03,20973.9,3.32,7567807.0,785821.0,441.265,6.7815
2024-03-04,20973.9,3.26,7567807.0,785821.0,439.793,6.7815
2024-03-05,20973.9,3.31,7567807.0,785821.0,444.474,6.7815
2024-03-06,20973.9,3.27,7538857.0,767733.0,456.847,6.7707
2024-03-07,20973.9,3.27,7538857.0,767733.0,436.754,6.7707
2024-03-08,20973.9,3.26,7538857.0,767733.0,444.803,6.7707
2024-03-09,20973.9,3.26,7538857.0,767733.0,444.803,6.7707
2024-03-10,20973.9,3.26,7538857.0,767733.0,444.803,6.7707
2024-03-11,20973.9,3.26,7538857.0,767733.0,478.728,6.7706
2024-03-12,20973.9,3.2,7538857.0,767733.0,476.862,6.7706
2024-03-13,20973.9,3.15,7541969.0,768369.0,521.738,6.7731
2024-03-14,20973.9,3.15,7541969.0,768369.0,483.573,6.7731
2024-03-15,20973.9,3.16,7541969.0,768369.0,413.877,6.7732
2024-03-16,20973.9,3.16,7541969.0,768369.0,413.877,6.7732
2024-03-17,20973.9,3.16,7541969.0,768369.0,413.877,6.7732
2024-03-18,20973.9,3.13,7541969.0,768369.0,440.596,6.7732
2024-03-19,20973.9,3.1,7541969.0,768369.0,446.978,6.7732
2024-03-20,20973.9,3.14,7514348.0,809298.0,496.245,6.7046
2024-03-21,20973.9,3.05,7514348.0,809298.0,460.631,6.7046
2024-03-22,20973.9,3.08,7514348.0,809298.0,478.531,6.7046
2024-03-23,20973.9,3.08,7514348.0,809298.0,478.531,6.7046
2024-03-24,20973.9,3.08,7514348.0,809298.0,478.531,6.7046
2024-03-25,20973.9,3.11,7514348.0,809298.0,473.787,6.7046
2024-03-26,20973.9,3.15,7514348.0,809298.0,496.062,6.7046
2024-03-27,20973.9,3.15,7484739.0,802233.0,518.357,6.682
2024-03-28,20973.9,3.12,7484739.0,802233.0,594.428,6.6819
2024-03-29,20973.9,3.12,7484739.0,802233.0,594.428,6.6819
2024-03-30,20973.9,3.12,7484739.0,802233.0,594.428,6.6819
2024-03-31,20973.9,3.15,7484739.0,802233.0,594.428,6.6819
2024-04-01,20959.7,3.12,7484739.0,802233.0,441.903,6.6821
2024-04-02,20959.7,3.23,7484739.0,802233.0,448.424,6.6821
2024-04-03,20959.7,3.23,7439558.0,768651.0,436.631,6.6705
2024-04-04,20959.7,3.24,7439558.0,768651.0,438.764,6.6705
2024-04-05,20959.7,3.18,7439558.0,768651.0,438.319,6.6705
2024-04-06,20959.7,3.18,7439558.0,768651.0,438.319,6.6705
2024-04-07,20959.7,3.18,7439558.0,768651.0,438.319,6.6705
2024-04-08,20959.7,3.15,7439558.0,768651.0,448.597,6.6705
2024-04-09,20959.7,3.14,7439558.0,768651.0,441.792,6.6705
2024-04-10,20959.7,3.1,7438176.0,704971.0,445.816,6.7328
2024-04-11,20959.7,3.16,7438176.0,704971.0,455.361,6.7327
2024-04-12,20959.7,3.25,7438176.0,704971.0,407.322,6.7328
2024-04-13,20959.7,3.25,7438176.0,704971.0,407.322,6.7328
2024-04-14,20959.7,3.25,7438176.0,704971.0,407.322,6.7328
2024-04-15,20959.7,3.28,7438176.0,704971.0,327.066,6.7329
2024-04-16,20959.7,3.36,7438176.0,704971.0,371.554,6.7328
2024-04-17,20959.7,3.42,7405506.0,796535.0,440.508,6.6085
2024-04-18,20959.7,3.39,7405506.0,796535.0,433.006,6.6085
2024-04-19,20959.7,3.37,7405506.0,796535.0,397.234,6.6086
2024-04-20,20959.7,3.37,7405506.0,796535.0,397.234,6.6086
2024-04-21,20959.7,3.37,7405506.0,796535.0,397.234,6.6086
2024-04-22,20959.7,3.29,7405506.0,796535.0,409.816,6.6086
2024-04-23,20959.7,3.2,7405506.0,796535.0,435.88,6.6085
2024-04-24,20959.7,3.19,7402434.0,941430.0,441.215,6.4606
2024-04-25,20959.7,3.24,7402434.0,941430.0,443.928,6.4606
2024-04-26,20959.7,3.16,7402434.0,941430.0,464.912,6.4605
2024-04-27,20959.7,3.16,7402434.0,941430.0,464.912,6.4605
2024-04-28,20959.7,3.16,7402434.0,941430.0,464.912,6.4605
2024-04-29,20959.7,3.12,7402434.0,941430.0,505.53,6.4605
2024-04-30,20959.7,3.18,7402434.0,941430.0,534.234,6.4605
2024-05-01,21020.6,3.21,7362474.0,917177.0,438.148,6.4449
2024-05-02,21020.6,3.16,7362474.0,917177.0,428.68,6.4449
2024-05-03,21020.6,3.08,7362474.0,917177.0,450.165,6.4448
2024-05-04,21020.6,3.08,7362474.0,917177.0,450.165,6.4448
2024-05-05,21020.6,3.08,7362474.0,917177.0,450.165,6.4448
2024-05-06,21020.6,3.03,7362474.0,917177.0,468.97,6.4448
2024-05-07,21020.6,3.06,7362474.0,917177.0,475.325,6.4448
2024-05-08,21020.6,3.1,7353408.0,851591.0,493.427,6.5013
2024-05-09,21020.6,3.14,7353408.0,851591.0,458.55,6.5014
2024-05-10,21020.6,3.12,7353408.0,851591.0,486.434,6.5013
2024-05-11,21020.6,3.12,7353408.0,851591.0,486.434,6.5013
2024-05-12,21020.6,3.12,7353408.0,851591.0,486.434,6.5013
2024-05-13,21020.6,3.14,7353408.0,851591.0,492.068,6.5013
2024-05-14,21020.6,3.14,7353408.0,851591.0,468.344,6.5013
2024-05-15,21020.6,3.13,7304272.0,787133.0,443.779,6.5167
2024-05-16,21020.6,3.08,7304272.0,787133.0,410.121,6.5167
2024-05-17,21020.6,3.09,7304272.0,787133.0,449.373,6.5167
2024-05-18,21020.6,3.09,7304272.0,787133.0,449.373,6.5167
2024-05-19,21020.6,3.09,7304272.0,787133.0,449.373,6.5167
2024-05-20,21020.6,3.07,7304272.0,787133.0,489.728,6.5166
2024-05-21,21020.6,3.07,7304272.0,787133.0,491.72,6.5166
2024-05-22,21020.6,3.11,7299566.0,725376.0,496.382,6.5737
2024-05-23,21020.6,3.1,7299566.0,725376.0,467.398,6.5737
2024-05-24,21020.6,3.11,7299566.0,725376.0,431.239,6.5738
2024-05-25,21020.6,3.11,7299566.0,725376.0,431.239,6.5738
2024-05-26,21020.6,3.11,7299566.0,725376.0,431.239,6.5738
2024-05-27,21020.6,3.12,7299566.0,725376.0,431.239,6.5738
2024-05-28,21020.6,3.09,7299566.0,725376.0,417.836,6.5738
2024-05-29,21020.6,3.15,7284319.0,704335.0,459.314,6.5795
2024-05-30,21020.6,3.19,7284319.0,704335.0,452.034,6.5795
2024-05-31,21020.6,3.2,7284319.0,704335.0,439.806,6.5795
2024-06-01,21068.4,3.2,7284319.0,704335.0,439.806,6.5795
2024-06-02,21068.4,3.2,7284319.0,704335.0,439.806,6.5795
2024-06-03,21068.4,3.17,7284319.0,704335.0,387.069,6.5796
2024-06-04,21068.4,3.22,7284319.0,704335.0,377.825,6.5796
2024-06-05,21068.4,3.2,7255687.0,710309.0,371.841,6.545
2024-06-06,21068.4,3.2,7255687.0,710309.0,378.125,6.545
2024-06-07,21068.4,3.15,7255687.0,710309.0,395.462,6.545
2024-06-08,21068.4,3.15,7255687.0,710309.0,395.462,6.545
2024-06-09,21068.4,3.15,7255687.0,710309.0,395.462,6.545
2024-06-10,21068.4,3.15,7255687.0,710309.0,416.481,6.545
2024-06-11,21068.4,3.19,7255687.0,710309.0,410.449,6.545
2024-06-12,21068.4,3.09,7258974.0,673573.0,447.574,6.585
2024-06-13,21068.4,3.2,7258974.0,673573.0,429.864,6.585
2024-06-14,21068.4,3.29,7258974.0,673573.0,386.885,6.585
2024-06-15,21068.4,3.29,7258974.0,673573.0,386.885,6.585
2024-06-16,21068.4,3.29,7258974.0,673573.0,386.885,6.585
2024-06-17,21068.4,3.26,7258974.0,673573.0,333.429,6.5851
2024-06-18,21068.4,3.24,7258974.0,673573.0,375.542,6.585
2024-06-19,21068.4,3.24,7252542.0,723410.0,375.542,6.5288
2024-06-20,21068.4,3.23,7252542.0,723410.0,388.841,6.5287
2024-06-21,21068.4,3.21,7252542.0,723410.0,421.04,6.5287
2024-06-22,21068.4,3.21,7252542.0,723410.0,421.04,6.5287
2024-06-23,21068.4,3.21,7252542.0,723410.0,421.04,6.5287
2024-06-24,21068.4,3.19,7252542.0,723410.0,435.916,6.5287
2024-06-25,21068.4,3.19,7252542.0,723410.0,466.31,6.5287
2024-06-26,21068.4,3.18,7231163.0,765417.0,490.156,6.4653
2024-06-27,21068.4,3.21,7231163.0,765417.0,531.692,6.4652
2024-06-28,21068.4,3.18,7231163.0,765417.0,664.57,6.4651
2024-06-29,21068.4,3.18,7231163.0,765417.0,664.57,6.4651
2024-06-30,21068.4,3.21,7231163.0,765417.0,664.57,6.4651
2024-07-01,21095.3,3.21,7231163.0,765417.0,451.783,6.4653
2024-07-02,21095.3,3.23,7231163.0,765417.0,443.369,6.4653
2024-07-03,21095.3,3.25,7221520.0,761373.0,425.898,6.4597
2024-07-04,21095.3,3.25,7221520.0,761373.0,425.898,6.4597
2024-07-05,21095.3,3.27,7221520.0,761373.0,390.632,6.4598
2024-07-06,21095.3,3.27,7221520.0,761373.0,390.632,6.4598
2024-07-07,21095.3,3.27,7221520.0,761373.0,390.632,6.4598
2024-07-08,21095.3,3.2,7221520.0,761373.0,415.257,6.4597
2024-07-09,21095.3,3.21,7221520.0,761373.0,423.152,6.4597
2024-07-10,21095.3,3.17,7224079.0,736402.0,422.147,6.4873
2024-07-11,21095.3,3.18,7224079.0,736402.0,403.708,6.4873
2024-07-12,21095.3,3.19,7224079.0,736402.0,406.59,6.4873
2024-07-13,21095.3,3.19,7224079.0,736402.0,406.59,6.4873
2024-07-14,21095.3,3.19,7224079.0,736402.0,406.59,6.4873
2024-07-15,21095.3,3.13,7224079.0,736402.0,413.28,6.4873
2024-07-16,21095.3,3.08,7224079.0,736402.0,409.594,6.4873
2024-07-17,21095.3,3.09,7208247.0,751593.0,399.401,6.4563
2024-07-18,21095.3,3.09,7208247.0,751593.0,391.652,6.4563
2024-07-19,21095.3,3.09,7208247.0,751593.0,379.801,6.4563
2024-07-20,21095.3,3.09,7208247.0,751593.0,379.801,6.4563
2024-07-21,21095.3,3.09,7208247.0,751593.0,379.801,6.4563
2024-07-22,21095.3,3.05,7208247.0,751593.0,395.901,6.4563
2024-07-23,21095.3,3.02,7208247.0,751593.0,389.837,6.4563
2024-07-24,21095.3,3.1,7205455.0,774315.0,399.121,6.4307
2024-07-25,21095.3,3.08,7205455.0,774315.0,377.433,6.4308
2024-07-26,21095.3,3.1,7205455.0,774315.0,381.257,6.4308
2024-07-27,21095.3,3.1,7205455.0,774315.0,381.257,6.4308
2024-07-28,21095.3,3.1,7205455.0,774315.0,381.257,6.4308
2024-07-29,21095.3,3.13,7205455.0,774315.0,385.281,6.4308
2024-07-30,21095.3,3.2,7205455.0,774315.0,367.054,6.4308
2024-07-31,21095.3,3.25,7178391.0,786486.0,413.2,6.3915
2024-08-01,21186.8,3.35,7178391.0,786486.0,348.885,6.3916
2024-08-02,21186.8,3.72,7178391.0,786486.0,338.473,6.3916
2024-08-03,21186.8,3.72,7178391.0,786486.0,338.473,6.3916
2024-08-04,21186.8,3.72,7178391.0,786486.0,338.473,6.3916
2024-08-05,21186.8,3.93,7178391.0,786486.0,316.246,6.3916
2024-08-06,21186.8,3.67,7178391.0,786486.0,291.958,6.3916
2024-08-07,21186.8,3.57,7175256.0,770931.0,286.66,6.404
2024-08-08,21186.8,3.48,7175256.0,770931.0,303.159,6.404
2024-08-09,21186.8,3.49,7175256.0,770931.0,312.198,6.404
2024-08-10,21186.8,3.49,7175256.0,770931.0,312.198,6.404
2024-08-11,21186.8,3.49,7175256.0,770931.0,312.198,6.404
2024-08-12,21186.8,3.52,7175256.0,770931.0,328.641,6.404
2024-08-13,21186.8,3.54,7175256.0,770931.0,324.494,6.404
2024-08-14,21186.8,3.46,7177688.0,794120.0,328.472,6.3832
2024-08-15,21186.8,3.31,7177688.0,794120.0,307.141,6.3833
2024-08-16,21186.8,3.29,7177688.0,794120.0,330.317,6.3832
2024-08-17,21186.8,3.29,7177688.0,794120.0,330.317,6.3832
2024-08-18,21186.8,3.29,7177688.0,794120.0,330.317,6.3832
2024-08-19,21186.8,3.21,7177688.0,794120.0,333.583,6.3832
2024-08-20,21186.8,3.25,7177688.0,794120.0,310.819,6.3833
2024-08-21,21186.8,3.27,7139952.0,736494.0,321.329,6.4031
2024-08-22,21186.8,3.21,7139952.0,736494.0,316.777,6.4031
2024-08-23,21186.8,3.19,7139952.0,736494.0,312.896,6.4031
2024-08-24,21186.8,3.19,7139952.0,736494.0,312.896,6.4031
2024-08-25,21186.8,3.19,7139952.0,736494.0,312.896,6.4031
2024-08-26,21186.8,3.15,7139952.0,736494.0,353.557,6.4031
2024-08-27,21186.8,3.17,7139952.0,736494.0,344.045,6.4031
2024-08-28,21186.8,3.19,7123238.0,745851.0,388.89,6.377
2024-08-29,21186.8,3.15,7123238.0,745851.0,383.434,6.377
2024-08-30,21186.8,3.13,7123238.0,745851.0,433.13,6.377
2024-08-31,21186.8,3.17,7123238.0,745851.0,433.13,6.377
2024-09-01,21269.5,3.17,7123238.0,745851.0,433.13,6.377
2024-09-02,21269.5,3.17,7123238.0,745851.0,433.13,6.377
2024-09-03,21269.5,3.31,7123238.0,745851.0,349.808,6.377
2024-09-04,21269.5,3.35,7112567.0,733959.0,337.312,6.3783
2024-09-05,21269.5,3.29,7112567.0,733959.0,291.091,6.3783
2024-09-06,21269.5,3.39,7112567.0,733959.0,299.271,6.3783
2024-09-07,21269.5,3.39,7112567.0,733959.0,299.271,6.3783
2024-09-08,21269.5,3.39,7112567.0,733959.0,299.271,6.3783
2024-09-09,21269.5,3.36,7112567.0,733959.0,292.158,6.3783
2024-09-10,21269.5,3.46,7112567.0,733959.0,281.392,6.3783
2024-09-11,21269.5,3.44,7115001.0,755958.0,279.215,6.3588
2024-09-12,21269.5,3.39,7115001.0,755958.0,294.464,6.3587
2024-09-13,21269.5,3.37,7115001.0,755958.0,284.951,6.3588
2024-09-14,21269.5,3.37,7115001.0,755958.0,284.951,6.3588
2024-09-15,21269.5,3.37,7115001.0,755958.0,284.951,6.3588
2024-09-16,21269.5,3.32,7115001.0,755958.0,239.386,6.3588
2024-09-17,21269.5,3.25,7115001.0,755958.0,256.337,6.3588
2024-09-18,21269.5,3.21,7109137.0,771194.0,305.831,6.3376
2024-09-19,21269.5,3.1,7109137.0,771194.0,311.777,6.3376
2024-09-20,21269.5,3.15,7109137.0,771194.0,339.316,6.3376
2024-09-21,21269.5,3.15,7109137.0,771194.0,339.316,6.3376
2024-09-22,21269.5,3.15,7109137.0,771194.0,339.316,6.3376
2024-09-23,21269.5,3.15,7109137.0,771194.0,380.372,6.3376
2024-09-24,21269.5,3.21,7109137.0,771194.0,388.977,6.3376
2024-09-25,21269.5,3.19,7080059.0,806771.0,416.193,6.2729
2024-09-26,21269.5,3.14,7080059.0,806771.0,424.916,6.2729
2024-09-27,21269.5,3.14,7080059.0,806771.0,436.518,6.2729
2024-09-28,21269.5,3.14,7080059.0,806771.0,436.518,6.2729
2024-09-29,21269.5,3.14,7080059.0,806771.0,436.518,6.2729
2024-09-30,21269.5,3.03,7080059.0,806771.0,465.638,6.2728
2024-10-01,21331.9,3.07,7080059.0,806771.0,375.221,6.2729
2024-10-02,21331.9,3.06,7046925.0,798277.0,383.398,6.2483
2024-10-03,21331.9,3.04,7046925.0,798277.0,341.248,6.2483
2024-10-04,21331.9,2.89,7046925.0,798277.0,330.012,6.2483
2024-10-05,21331.9,2.89,7046925.0,798277.0,330.012,6.2483
2024-10-06,21331.9,2.89,7046925.0,798277.0,330.012,6.2483
2024-10-07,21331.9,2.95,7046925.0,798277.0,322.948,6.2483
2024-10-08,21331.9,2.99,7046925.0,798277.0,325.355,6.2483
2024-10-09,21331.9,2.94,7046840.0,802115.0,343.448,6.2444
2024-10-10,21331.9,2.99,7046840.0,802115.0,322.587,6.2444
2024-10-11,21331.9,2.98,7046840.0,802115.0,331.735,6.2444
2024-10-12,21331.9,2.98,7046840.0,802115.0,331.735,6.2444
2024-10-13,21331.9,2.98,7046840.0,802115.0,331.735,6.2444
2024-10-14,21331.9,2.97,7046840.0,802115.0,331.735,6.2444
2024-10-15,21331.9,2.93,7046840.0,802115.0,286.398,6.2444
2024-10-16,21331.9,2.9,7039284.0,791792.0,272.028,6.2472
2024-10-17,21331.9,2.89,7039284.0,791792.0,262.21,6.2472
2024-10-18,21331.9,2.88,7039284.0,791792.0,259.892,6.2472
2024-10-19,21331.9,2.88,7039284.0,791792.0,259.892,6.2472
2024-10-20,21331.9,2.88,7039284.0,791792.0,259.892,6.2472
2024-10-21,21331.9,2.88,7039284.0,791792.0,261.044,6.2472
2024-10-22,21331.9,2.92,7039284.0,791792.0,237.76,6.2473
2024-10-23,21331.9,2.95,7029408.0,829991.0,270.839,6.1991
2024-10-24,21331.9,2.93,7029408.0,829991.0,202.798,6.1992
2024-10-25,21331.9,2.89,7029408.0,829991.0,227.0,6.1992
2024-10-26,21331.9,2.89,7029408.0,829991.0,227.0,6.1992
2024-10-27,21331.9,2.89,7029408.0,829991.0,227.0,6.1992
2024-10-28,21331.9,2.82,7029408.0,829991.0,251.032,6.1992
2024-10-29,21331.9,2.85,7029408.0,829991.0,244.841,6.1992
2024-10-30,21331.9,2.8,7013490.0,835237.0,228.946,6.178
2024-10-31,21331.9,2.88,7013490.0,835237.0,201.278,6.1781
2024-11-01,21452.2,2.83,7013490.0,835237.0,155.476,6.1781
2024-11-02,21452.2,2.83,7013490.0,835237.0,155.476,6.1781
2024-11-03,21452.2,2.83,7013490.0,835237.0,155.476,6.1781
2024-11-04,21452.2,2.87,7013490.0,835237.0,171.885,6.1781
2024-11-05,21452.2,2.86,7013490.0,835237.0,144.243,6.1781
2024-11-06,21452.2,2.74,6994299.0,842051.0,177.871,6.1521
2024-11-07,21452.2,2.73,6994299.0,842051.0,159.002,6.1521
2024-11-08,21452.2,2.63,6994299.0,842051.0,163.621,6.1521
2024-11-09,21452.2,2.63,6994299.0,842051.0,163.621,6.1521
2024-11-10,21452.2,2.63,6994299.0,842051.0,163.621,6.1521
2024-11-11,21452.2,2.63,6994299.0,842051.0,163.621,6.1521
2024-11-12,21452.2,2.61,6994299.0,842051.0,178.814,6.1521
2024-11-13,21452.2,2.64,6967108.0,832186.0,238.106,6.1347
2024-11-14,21452.2,2.6,6967108.0,832186.0,214.509,6.1347
2024-11-15,21452.2,2.72,6967108.0,832186.0,172.4,6.1347
2024-11-16,21452.2,2.72,6967108.0,832186.0,172.4,6.1347
2024-11-17,21452.2,2.72,6967108.0,832186.0,172.4,6.1347
2024-11-18,21452.2,2.72,6967108.0,832186.0,200.03,6.1347
2024-11-19,21452.2,2.69,6967108.0,832186.0,200.664,6.1347
2024-11-20,21452.2,2.67,6923731.0,751873.0,217.793,6.1716
2024-11-21,21452.2,2.61,6923731.0,751873.0,188.567,6.1717
2024-11-22,21452.2,2.61,6923731.0,751873.0,204.254,6.1717
2024-11-23,21452.2,2.61,6923731.0,751873.0,204.254,6.1717
2024-11-24,21452.2,2.61,6923731.0,751873.0,204.254,6.1717
2024-11-25,21452.2,2.64,6923731.0,751873.0,186.749,6.1717
2024-11-26,21452.2,2.68,6923731.0,751873.0,148.823,6.1717
2024-11-27,21452.2,2.69,6905140.0,775250.0,169.815,6.1297
2024-11-28,21452.2,2.69,6905140.0,775250.0,169.815,6.1297
2024-11-29,21452.2,2.72,6905140.0,775250.0,197.627,6.1297
2024-11-30,21452.2,2.74,6905140.0,775250.0,197.627,6.1297
2024-12-01,21485.9,2.74,6905140.0,775250.0,197.627,6.1297
2024-12-02,21485.9,2.68,6905140.0,775250.0,135.858,6.1298
2024-12-03,21485.9,2.66,6905140.0,775250.0,161.572,6.1297
2024-12-04,21485.9,2.66,6895827.0,789516.0,162.866,6.1061
2024-12-05,21485.9,2.66,6895827.0,789516.0,131.964,6.1062
2024-12-06,21485.9,2.67,6895827.0,789516.0,130.014,6.1062
2024-12-07,21485.9,2.67,6895827.0,789516.0,130.014,6.1062
2024-12-08,21485.9,2.67,6895827.0,789516.0,130.014,6.1062
2024-12-09,21485.9,2.67,6895827.0,789516.0,153.029,6.1062
2024-12-10,21485.9,2.67,6895827.0,789516.0,174.842,6.1061
2024-12-11,21485.9,2.64,6897485.0,775067.0,180.12,6.1222
2024-12-12,21485.9,2.66,6897485.0,775067.0,165.025,6.1223
2024-12-13,21485.9,2.68,6897485.0,775067.0,135.777,6.1223
2024-12-14,21485.9,2.68,6897485.0,775067.0,135.777,6.1223
2024-12-15,21485.9,2.68,6897485.0,775067.0,135.777,6.1223
2024-12-16,21485.9,2.69,6897485.0,775067.0,110.753,6.1223
2024-12-17,21485.9,2.75,6897485.0,775067.0,118.093,6.1223
2024-12-18,21485.9,2.73,6889332.0,767932.0,131.651,6.1213
2024-12-19,21485.9,2.91,6889332.0,767932.0,112.417,6.1213
2024-12-20,21485.9,2.86,6889332.0,767932.0,98.356,6.1213
2024-12-21,21485.9,2.86,6889332.0,767932.0,98.356,6.1213
2024-12-22,21485.9,2.86,6889332.0,767932.0,98.356,6.1213
2024-12-23,21485.9,2.85,6889332.0,767932.0,116.004,6.1213
2024-12-24,21485.9,2.86,6889332.0,767932.0,180.989,6.1212
2024-12-25,21485.9,2.86,6885963.0,764770.0,180.989,6.121
2024-12-26,21485.9,2.86,6885963.0,764770.0,196.818,6.121
2024-12-27,21485.9,2.84,6885963.0,764770.0,268.739,6.1209
2024-12-28,21485.9,2.84,6885963.0,764770.0,268.739,6.1209
2024-12-29,21485.9,2.84,6885963.0,764770.0,268.739,6.1209
2024-12-30,21485.9,2.94,6885963.0,764770.0,260.743,6.1209
2024-12-31,21485.9,2.92,6885963.0,764770.0,473.46,6.1207
2025-01-01,21548.1,2.92,6852491.0,719873.0,473.46,6.1321
2025-01-02,21548.1,2.88,6852491.0,719873.0,239.858,6.1324
2025-01-03,21548.1,2.81,6852491.0,719873.0,237.377,6.1324
2025-01-04,21548.1,2.81,6852491.0,719873.0,237.377,6.1324
2025-01-05,21548.1,2.81,6852491.0,719873.0,237.377,6.1324
2025-01-06,21548.1,2.76,6852491.0,719873.0,231.926,6.1324
2025-01-07,21548.1,2.79,6852491.0,719873.0,208.296,6.1324
2025-01-08,21548.1,2.84,6853554.0,652636.0,185.144,6.2007
2025-01-09,21548.1,2.82,6853554.0,652636.0,168.225,6.2007
2025-01-10,21548.1,2.81,6853554.0,652636.0,178.8,6.2007
2025-01-11,21548.1,2.81,6853554.0,652636.0,178.8,6.2007
2025-01-12,21548.1,2.81,6853554.0,652636.0,178.8,6.2007
2025-01-13,21548.1,2.85,6853554.0,652636.0,183.669,6.2007
2025-01-14,21548.1,2.8,6853554.0,652636.0,160.219,6.2008
2025-01-15,21548.1,2.72,6834070.0,641225.0,119.977,6.1927
2025-01-16,21548.1,2.73,6834070.0,641225.0,94.489,6.1928
2025-01-17,21548.1,2.64,6834070.0,641225.0,118.327,6.1927
2025-01-18,21548.1,2.64,6834070.0,641225.0,118.327,6.1927
2025-01-19,21548.1,2.64,6834070.0,641225.0,118.327,6.1927
2025-01-20,21548.1,2.64,6834070.0,641225.0,118.327,6.1927
2025-01-21,21548.1,2.61,6834070.0,641225.0,96.015,6.1927
2025-01-22,21548.1,2.59,6831760.0,677282.0,123.981,6.1544
2025-01-23,21548.1,2.61,6831760.0,677282.0,132.031,6.1543
2025-01-24,21548.1,2.6,6831760.0,677282.0,104.972,6.1544
2025-01-25,21548.1,2.6,6831760.0,677282.0,104.972,6.1544
2025-01-26,21548.1,2.6,6831760.0,677282.0,104.972,6.1544
2025-01-27,21548.1,2.66,6831760.0,677282.0,92.863,6.1544
2025-01-28,21548.1,2.66,6831760.0,677282.0,112.76,6.1544
2025-01-29,21548.1,2.68,6818186.0,784206.0,121.842,6.0339
2025-01-30,21548.1,2.67,6818186.0,784206.0,125.965,6.0339
2025-01-31,21548.1,2.68,6818186.0,784206.0,187.913,6.0338
2025-02-01,21613.5,2.68,6818186.0,784206.0,187.913,6.0338
2025-02-02,21613.5,2.68,6818186.0,784206.0,187.913,6.0338
2025-02-03,21613.5,2.73,6818186.0,784206.0,97.781,6.0339
2025-02-04,21613.5,2.71,6818186.0,784206.0,85.654,6.0339
2025-02-05,21613.5,2.69,6810935.0,805593.0,78.788,6.0053
2025-02-06,21613.5,2.66,6810935.0,805593.0,79.983,6.0053
2025-02-07,21613.5,2.67,6810935.0,805593.0,95.248,6.0052
2025-02-08,21613.5,2.67,6810935.0,805593.0,95.248,6.0052
2025-02-09,21613.5,2.67,6810935.0,805593.0,95.248,6.0052
2025-02-10,21613.5,2.66,6810935.0,805593.0,99.653,6.0052
2025-02-11,21613.5,2.66,6810935.0,805593.0,76.446,6.0053
2025-02-12,21613.5,2.65,6813513.0,828102.0,67.67,5.9853
2025-02-13,21613.5,2.65,6813513.0,828102.0,67.82,5.9853
2025-02-14,21613.5,2.62,6813513.0,828102.0,58.77,5.9854
2025-02-15,21613.5,2.62,6813513.0,828102.0,58.77,5.9854
2025-02-16,21613.5,2.62,6813513.0,828102.0,58.77,5.9854
2025-02-17,21613.5,2.62,6813513.0,828102.0,58.77,5.9854
2025-02-18,21613.5,2.62,6813513.0,828102.0,77.817,5.9853
2025-02-19,21613.5,2.68,6782332.0,790062.0,73.196,5.9922
2025-02-20,21613.5,2.66,6782332.0,790062.0,63.207,5.9922
2025-02-21,21613.5,2.78,6782332.0,790062.0,68.983,5.9922
2025-02-22,21613.5,2.78,6782332.0,790062.0,68.983,5.9922
2025-02-23,21613.5,2.78,6782332.0,790062.0,68.983,5.9922
2025-02-24,21613.5,2.78,6782332.0,790062.0,76.818,5.9922
2025-02-25,21613.5,2.84,6782332.0,790062.0,96.0,5.9922
2025-02-26,21613.5,2.81,6766101.0,681161.0,126.058,6.0848
2025-02-27,21613.5,2.81,6766101.0,681161.0,182.148,6.0848
2025-02-28,21613.5,2.87,6766101.0,681161.0,234.422,6.0847
2025-03-01,21693.6,2.87,6766101.0,681161.0,234.422,6.0847
2025-03-02,21693.6,2.87,6766101.0,681161.0,234.422,6.0847
2025-03-03,21693.6,2.94,6766101.0,681161.0,119.987,6.0848
2025-03-04,21693.6,2.99,6766101.0,681161.0,135.257,6.0848
2025-03-05,21693.6,2.88,6756764.0,548331.0,139.493,6.2083
2025-03-06,21693.6,2.99,6756764.0,548331.0,129.269,6.2083
2025-03-07,21693.6,2.97,6756764.0,548331.0,136.305,6.2083
2025-03-08,21693.6,2.97,6756764.0,548331.0,136.305,6.2083
2025-03-09,21693.6,2.97,6756764.0,548331.0,136.305,6.2083
2025-03-10,21693.6,3.16,6756764.0,548331.0,129.054,6.2083
2025-03-11,21693.6,3.22,6756764.0,548331.0,137.31,6.2083
2025-03-12,21693.6,3.2,6759571.0,512581.0,131.055,6.2469
2025-03-13,21693.6,3.4,6759571.0,512581.0,113.435,6.2469
2025-03-14,21693.6,3.25,6759571.0,512581.0,126.234,6.2469
2025-03-15,21693.6,3.25,6759571.0,512581.0,126.234,6.2469
2025-03-16,21693.6,3.25,6759571.0,512581.0,126.234,6.2469
2025-03-17,21693.6,3.18,6759571.0,512581.0,89.496,6.2469
2025-03-18,21693.6,3.23,6759571.0,512581.0,149.503,6.2468
2025-03-19,21693.6,3.19,6755982.0,435936.0,193.378,6.3199
2025-03-20,21693.6,3.17,6755982.0,435936.0,192.64,6.3199
2025-03-21,21693.6,3.21,6755982.0,435936.0,200.85,6.3198
2025-03-22,21693.6,3.21,6755982.0,435936.0,200.85,6.3198
2025-03-23,21693.6,3.21,6755982.0,435936.0,200.85,6.3198
2025-03-24,21693.6,3.05,6755982.0,435936.0,196.565,6.3198
2025-03-25,21693.6,3.09,6755982.0,435936.0,214.786,6.3198
2025-03-26,21693.6,3.19,6740253.0,360177.0,241.371,6.3798
2025-03-27,21693.6,3.27,6740253.0,360177.0,291.785,6.3798
2025-03-28,21693.6,3.47,6740253.0,360177.0,286.575,6.3798
2025-03-29,21693.6,3.47,6740253.0,360177.0,286.575,6.3798
2025-03-30,21693.6,3.47,6740253.0,360177.0,286.575,6.3798
2025-03-31,21693.6,3.55,6740253.0,360177.0,399.167,6.3797
2025-04-01,21775.6,3.5,6740253.0,360177.0,230.063,6.3798
2025-04-02,21775.6,3.42,6723452.0,313326.0,233.488,6.4099
2025-04-03,21775.6,4.01,6723452.0,313326.0,196.265,6.4099
2025-04-04,21775.6,4.45,6723452.0,313326.0,184.499,6.4099
2025-04-05,21775.6,4.45,6723452.0,313326.0,184.499,6.4099
2025-04-06,21775.6,4.45,6723452.0,313326.0,184.499,6.4099
2025-04-07,21775.6,4.61,6723452.0,313326.0,148.146,6.41
2025-04-08,21775.6,4.57,6723452.0,313326.0,156.911,6.41
2025-04-09,21775.6,4.37,6727416.0,306049.0,168.115,6.4212
2025-04-10,21775.6,4.42,6727416.0,306049.0,129.95,6.4212
2025-04-11,21775.6,4.26,6727416.0,306049.0,98.531,6.4213
2025-04-12,21775.6,4.26,6727416.0,306049.0,98.531,6.4213
2025-04-13,21775.6,4.26,6727416.0,306049.0,98.531,6.4213
2025-04-14,21775.6,4.14,6727416.0,306049.0,102.838,6.4213
2025-04-15,21775.6,4.09,6727416.0,306049.0,88.878,6.4213
2025-04-16,21775.6,4.16,6727113.0,422983.0,54.772,6.3041
2025-04-17,21775.6,4.02,6727113.0,422983.0,58.6,6.3041
2025-04-18,21775.6,4.02,6727113.0,422983.0,58.6,6.3041
2025-04-19,21775.6,4.02,6727113.0,422983.0,58.6,6.3041
2025-04-20,21775.6,4.02,6727113.0,422983.0,58.6,6.3041
2025-04-21,21775.6,4.16,6727113.0,422983.0,114.114,6.304
2025-04-22,21775.6,3.99,6727113.0,422983.0,137.951,6.304
2025-04-23,21775.6,3.75,6726930.0,606632.0,171.78,6.1201
2025-04-24,21775.6,3.73,6726930.0,606632.0,130.004,6.1202
2025-04-25,21775.6,3.67,6726930.0,606632.0,94.021,6.1202
2025-04-26,21775.6,3.67,6726930.0,606632.0,94.021,6.1202
2025-04-27,21775.6,3.67,6726930.0,606632.0,94.021,6.1202
2025-04-28,21775.6,3.73,6726930.0,606632.0,148.649,6.1201
2025-04-29,21775.6,3.74,6726930.0,606632.0,157.537,6.1201
2025-04-30,21775.6,3.94,6709277.0,595741.0,250.601,6.1133
2025-05-01,21833.9,3.78,6709277.0,595741.0,157.353,6.1134
2025-05-02,21833.9,3.6,6709277.0,595741.0,147.882,6.1134
2025-05-03,21833.9,3.6,6709277.0,595741.0,147.882,6.1134
2025-05-04,21833.9,3.6,6709277.0,595741.0,147.882,6.1134
2025-05-05,21833.9,3.6,6709277.0,595741.0,124.69,6.1134
2025-05-06,21833.9,3.66,6709277.0,595741.0,129.858,6.1134
2025-05-07,21833.9,3.67,6710889.0,583727.0,154.859,6.127
2025-05-08,21833.9,3.51,6710889.0,583727.0,139.768,6.127
2025-05-09,21833.9,3.53,6710889.0,583727.0,142.272,6.127
2025-05-10,21833.9,3.53,6710889.0,583727.0,142.272,6.127
2025-05-11,21833.9,3.53,6710889.0,583727.0,142.272,6.127
2025-05-12,21833.9,3.15,6710889.0,583727.0,147.505,6.127
2025-05-13,21833.9,3.09,6710889.0,583727.0,144.214,6.127
2025-05-14,21833.9,3.1,6713270.0,575846.0,165.024,6.1373
2025-05-15,21833.9,3.2,6713270.0,575846.0,109.436,6.1373
2025-05-16,21833.9,3.16,6713270.0,575846.0,136.799,6.1373
2025-05-17,21833.9,3.16,6713270.0,575846.0,136.799,6.1373
2025-05-18,21833.9,3.16,6713270.0,575846.0,136.799,6.1373
2025-05-19,21833.9,3.21,6713270.0,575846.0,180.417,6.1372
2025-05-20,21833.9,3.2,6713270.0,575846.0,136.033,6.1373
2025-05-21,21833.9,3.25,6688726.0,503055.0,162.802,6.1855
2025-05-22,21833.9,3.32,6688726.0,503055.0,173.018,6.1855
2025-05-23,21833.9,3.4,6688726.0,503055.0,154.841,6.1855
2025-05-24,21833.9,3.4,6688726.0,503055.0,154.841,6.1855
2025-05-25,21833.9,3.4,6688726.0,503055.0,154.841,6.1855
2025-05-26,21833.9,3.4,6688726.0,503055.0,154.841,6.1855
2025-05-27,21833.9,3.24,6688726.0,503055.0,138.066,6.1855
2025-05-28,21833.9,3.23,6673244.0,467204.0,173.641,6.2059
2025-05-29,21833.9,3.22,6673244.0,467204.0,165.66,6.2059
2025-05-30,21833.9,3.31,6673244.0,467204.0,315.657,6.2057
2025-05-31,21833.9,3.32,6673244.0,467204.0,315.657,6.2057
2025-06-01,21938.8,3.32,6673244.0,467204.0,315.657,6.2057
2025-06-02,21938.8,3.27,6673244.0,467204.0,135.841,6.2059
2025-06-03,21938.8,3.19,6673244.0,467204.0,153.177,6.2059
2025-06-04,21938.8,3.23,6672885.0,378947.0,168.882,6.2938
2025-06-05,21938.8,3.18,6672885.0,378947.0,152.727,6.2938
2025-06-06,21938.8,3.09,6672885.0,378947.0,149.284,6.2938
2025-06-07,21938.8,3.09,6672885.0,378947.0,149.284,6.2938
2025-06-08,21938.8,3.09,6672885.0,378947.0,149.284,6.2938
2025-06-09,21938.8,3.12,6672885.0,378947.0,179.315,6.2938
2025-06-10,21938.8,3.12,6672885.0,378947.0,182.725,6.2938
2025-06-11,21938.8,3.12,6677155.0,332907.0,204.625,6.344
2025-06-12,21938.8,3.17,6677155.0,332907.0,181.417,6.3441
2025-06-13,21938.8,3.18,6677155.0,332907.0,168.645,6.3441
2025-06-14,21938.8,3.18,6677155.0,332907.0,168.645,6.3441
2025-06-15,21938.8,3.18,6677155.0,332907.0,168.645,6.3441
2025-06-16,21938.8,3.1,6677155.0,332907.0,140.759,6.3441
2025-06-17,21938.8,3.17,6677155.0,332907.0,168.939,6.3441
2025-06-18,21938.8,3.16,6681056.0,337762.0,205.05,6.3431
2025-06-19,21938.8,3.16,6681056.0,337762.0,205.05,6.3431
2025-06-20,21938.8,3.13,6681056.0,337762.0,138.283,6.3432
2025-06-21,21938.8,3.13,6681056.0,337762.0,138.283,6.3432
2025-06-22,21938.8,3.13,6681056.0,337762.0,138.283,6.3432
2025-06-23,21938.8,3.12,6681056.0,337762.0,165.319,6.3431
2025-06-24,21938.8,3.06,6681056.0,337762.0,187.367,6.3431
2025-06-25,21938.8,3.04,6662200.0,364375.0,210.879,6.2976
2025-06-26,21938.8,3.04,6662200.0,364375.0,252.432,6.2976
2025-06-27,21938.8,3.02,6662200.0,364375.0,285.742,6.2975
2025-06-28,21938.8,3.02,6662200.0,364375.0,285.742,6.2975
2025-06-29,21938.8,3.02,6662200.0,364375.0,285.742,6.2975
2025-06-30,21938.8,2.96,6662200.0,364375.0,460.731,6.2974
2025-07-01,22020.0,2.91,6662200.0,364375.0,245.53,6.2976
2025-07-02,22020.0,2.88,6659598.0,359516.0,237.307,6.2998
2025-07-03,22020.0,2.8,6659598.0,359516.0,214.665,6.2999
2025-07-04,22020.0,2.8,6659598.0,359516.0,214.665,6.2999
2025-07-05,22020.0,2.8,6659598.0,359516.0,214.665,6.2999
2025-07-06,22020.0,2.8,6659598.0,359516.0,214.665,6.2999
2025-07-07,22020.0,2.86,6659598.0,359516.0,218.03,6.2999
2025-07-08,22020.0,2.92,6659598.0,359516.0,219.415,6.2999
2025-07-09,22020.0,2.94,6661912.0,319889.0,227.273,6.3418
2025-07-10,22020.0,2.92,6661912.0,319889.0,183.339,6.3418
2025-07-11,22020.0,2.97,6661912.0,319889.0,181.637,6.3418
2025-07-12,22020.0,2.97,6661912.0,319889.0,181.637,6.3418
2025-07-13,22020.0,2.97,6661912.0,319889.0,181.637,6.3418
2025-07-14,22020.0,2.95,6661912.0,319889.0,217.841,6.3418
2025-07-15,22020.0,2.95,6661912.0,319889.0,198.277,6.3418
2025-07-16,22020.0,3.0,6659273.0,296247.0,197.086,6.3628
2025-07-17,22020.0,2.91,6659273.0,296247.0,193.66,6.3628
2025-07-18,22020.0,2.93,6659273.0,296247.0,199.298,6.3628
2025-07-19,22020.0,2.93,6659273.0,296247.0,199.298,6.3628
2025-07-20,22020.0,2.93,6659273.0,296247.0,199.298,6.3628
2025-07-21,22020.0,2.89,6659273.0,296247.0,213.666,6.3628
2025-07-22,22020.0,2.9,6659273.0,296247.0,196.374,6.3628
2025-07-23,22020.0,2.83,6657715.0,323176.0,189.632,6.3343
2025-07-24,22020.0,2.82,6657715.0,323176.0,132.186,6.3344
2025-07-25,22020.0,2.84,6657715.0,323176.0,150.509,6.3344
2025-07-26,22020.0,2.84,6657715.0,323176.0,150.509,6.3344
2025-07-27,22020.0,2.84,6657715.0,323176.0,150.509,6.3344
2025-07-28,22020.0,2.82,6657715.0,323176.0,170.463,6.3344
2025-07-29,22020.0,2.86,6657715.0,323176.0,171.018,6.3344
2025-07-30,22020.0,2.89,6642578.0,370507.0,155.481,6.2719
2025-07-31,22020.0,2.86,6642578.0,370507.0,214.445,6.2719
2025-08-01,22087.0,3.13,6642578.0,370507.0,97.426,6.272
2025-08-02,22087.0,3.13,6642578.0,370507.0,97.426,6.272
2025-08-03,22087.0,3.13,6642578.0,370507.0,97.426,6.272
2025-08-04,22087.0,3.02,6642578.0,370507.0,125.73,6.2719
2025-08-05,22087.0,2.98,6642578.0,370507.0,84.356,6.272
2025-08-06,22087.0,2.98,6640843.0,421043.0,91.966,6.2197
2025-08-07,22087.0,2.95,6640843.0,421043.0,77.961,6.2197
2025-08-08,22087.0,2.94,6640843.0,421043.0,80.303,6.2197
2025-08-09,22087.0,2.94,6640843.0,421043.0,80.303,6.2197
2025-08-10,22087.0,2.94,6640843.0,421043.0,80.303,6.2197
2025-08-11,22087.0,2.94,6640843.0,421043.0,82.214,6.2197
2025-08-12,22087.0,2.93,6640843.0,421043.0,57.492,6.2197
2025-08-13,22087.0,2.9,6643615.0,504304.0,57.202,6.1393
2025-08-14,22087.0,2.89,6643615.0,504304.0,28.818,6.1393
2025-08-15,22087.0,2.88,6643615.0,504304.0,33.757,6.1393
2025-08-16,22087.0,2.88,6643615.0,504304.0,33.757,6.1393
2025-08-17,22087.0,2.88,6643615.0,504304.0,33.757,6.1393
2025-08-18,22087.0,2.88,6643615.0,504304.0,38.24,6.1393
2025-08-19,22087.0,2.9,6643615.0,504304.0,22.344,6.1393
2025-08-20,22087.0,2.94,6618415.0,519534.0,34.999,6.0988
2025-08-21,22087.0,2.95,6618415.0,519534.0,25.358,6.0989
2025-08-22,22087.0,2.88,6618415.0,519534.0,36.275,6.0988
2025-08-23,22087.0,2.88,6618415.0,519534.0,36.275,6.0988
2025-08-24,22087.0,2.88,6618415.0,519534.0,36.275,6.0988
2025-08-25,22087.0,2.8,6618415.0,519534.0,47.567,6.0988
2025-08-26,22087.0,2.78,6618415.0,519534.0,28.574,6.0989
2025-08-27,22087.0,2.78,6603384.0,589998.0,34.744,6.0134
2025-08-28,22087.0,2.75,6603384.0,589998.0,31.966,6.0134
2025-08-29,22087.0,2.82,6603384.0,589998.0,77.898,6.0133
2025-08-30,22087.0,2.82,6603384.0,589998.0,77.898,6.0133
2025-08-31,22087.0,2.84,6603384.0,589998.0,77.898,6.0133
2025-09-01,22170.3,2.84,6603384.0,589998.0,77.898,6.0133
2025-09-02,22170.3,2.92,6603384.0,589998.0,21.066,6.0134
2025-09-03,22170.3,2.88,6602071.0,597513.0,17.923,6.0045
2025-09-04,22170.3,2.84,6602071.0,597513.0,20.128,6.0045
2025-09-05,22170.3,2.83,6602071.0,597513.0,20.997,6.0045
2025-09-06,22170.3,2.83,6602071.0,597513.0,20.997,6.0045
2025-09-07,22170.3,2.83,6602071.0,597513.0,20.997,6.0045
2025-09-08,22170.3,2.84,6602071.0,597513.0,19.416,6.0045
2025-09-09,22170.3,2.87,6602071.0,597513.0,22.915,6.0045
2025-09-10,22170.3,2.84,6605962.0,672274.0,29.4,5.9337
2025-09-11,22170.3,2.78,6605962.0,672274.0,26.897,5.9337
2025-09-12,22170.3,2.79,6605962.0,672274.0,17.331,5.9337
2025-09-13,22170.3,2.79,6605962.0,672274.0,17.331,5.9337
2025-09-14,22170.3,2.79,6605962.0,672274.0,17.331,5.9337
2025-09-15,22170.3,2.75,6605962.0,672274.0,16.954,5.9337
2025-09-16,22170.3,2.79,6605962.0,672274.0,18.817,5.9337
2025-09-17,22170.3,2.79,6608597.0,756376.0,13.963,5.8522
2025-09-18,22170.3,2.71,6608597.0,756376.0,13.707,5.8522
2025-09-19,22170.3,2.72,6608597.0,756376.0,11.363,5.8522
2025-09-20,22170.3,2.72,6608597.0,756376.0,11.363,5.8522
2025-09-21,22170.3,2.72,6608597.0,756376.0,11.363,5.8522
2025-09-22,22170.3,2.69,6608597.0,756376.0,14.173,5.8522
2025-09-23,22170.3,2.71,6608597.0,756376.0,14.402,5.8522
2025-09-24,22170.3,2.7,6608395.0,804856.0,29.172,5.8035
2025-09-25,22170.3,2.76,6608395.0,804856.0,25.369,5.8035
2025-09-26,22170.3,2.75,6608395.0,804856.0,48.073,5.8035
2025-09-27,22170.3,2.75,6608395.0,804856.0,48.073,5.8035
2025-09-28,22170.3,2.75,6608395.0,804856.0,48.073,5.8035
2025-09-29,22170.3,2.74,6608395.0,804856.0,56.22,5.8035
2025-09-30,22170.3,2.8,6608395.0,804856.0,49.071,5.8035
2025-10-01,22245.1,2.81,6587119.0,805139.0,10.179,5.782
2025-10-02,22245.1,2.81,6587119.0,805139.0,8.436,5.782
2025-10-03,22245.1,2.8,6587119.0,805139.0,25.392,5.782
2025-10-04,22245.1,2.8,6587119.0,805139.0,25.392,5.782
2025-10-05,22245.1,2.8,6587119.0,805139.0,25.392,5.782
2025-10-06,22245.1,2.76,6587119.0,805139.0,21.776,5.782
2025-10-07,22245.1,2.82,6587119.0,805139.0,4.622,5.782
2025-10-08,22245.1,2.84,6590815.0,807428.0,5.231,5.7834
2025-10-09,22245.1,2.95,6590815.0,807428.0,4.496,5.7834
2025-10-10,22245.1,3.18,6590815.0,807428.0,4.124,5.7834
2025-10-11,22245.1,3.18,6590815.0,807428.0,4.124,5.7834
2025-10-12,22245.1,3.18,6590815.0,807428.0,4.124,5.7834
2025-10-13,22245.1,3.18,6590815.0,807428.0,4.124,5.7834
2025-10-14,22245.1,3.11,6590815.0,807428.0,3.516,5.7834
2025-10-15,22245.1,2.95,6596454.0,809593.0,5.484,5.7869
2025-10-16,22245.1,3.04,6596454.0,809593.0,6.96,5.7869
2025-10-17,22245.1,3.04,6596454.0,809593.0,4.102,5.7869
2025-10-18,22245.1,3.04,6596454.0,809593.0,4.102,5.7869
2025-10-19,22245.1,3.04,6596454.0,809593.0,4.102,5.7869
2025-10-20,22245.1,2.99,6596454.0,809593.0,5.931,5.7869
2025-10-21,22245.1,2.97,6596454.0,809593.0,4.699,5.7869
2025-10-22,22245.1,3.01,6589533.0,908001.0,4.005,5.6815
2025-10-23,22245.1,2.96,6589533.0,908001.0,6.941,5.6815
2025-10-24,22245.1,2.88,6589533.0,908001.0,2.435,5.6815
2025-10-25,22245.1,2.88,6589533.0,908001.0,2.435,5.6815
2025-10-26,22245.1,2.88,6589533.0,908001.0,2.435,5.6815
2025-10-27,22245.1,2.8,6589533.0,908001.0,10.642,5.6815
2025-10-28,22245.1,2.82,6589533.0,908001.0,14.096,5.6815
2025-10-29,22245.1,2.76,6587034.0,957990.0,19.504,5.629
2025-10-30,22245.1,2.85,6587034.0,957990.0,19.166,5.629
2025-10-31,22245.1,2.94,6587034.0,957990.0,51.802,5.629
2025-11-01,22277.5,2.94,6587034.0,957990.0,51.802,5.629
2025-11-02,22277.5,2.94,6587034.0,957990.0,51.802,5.629
2025-11-03,22277.5,3.04,6587034.0,957990.0,23.792,5.629
2025-11-04,22277.5,3.13,6587034.0,957990.0,16.983,5.629
2025-11-05,22277.5,3.05,6572732.0,940979.0,12.814,5.6317
2025-11-06,22277.5,3.13,6572732.0,940979.0,10.754,5.6317
2025-11-07,22277.5,3.15,6572732.0,940979.0,4.903,5.6317
2025-11-08,22277.5,3.15,6572732.0,940979.0,4.903,5.6317
2025-11-09,22277.5,3.15,6572732.0,940979.0,4.903,5.6317
2025-11-10,22277.5,3.02,6572732.0,940979.0,7.152,5.6317
2025-11-11,22277.5,3.02,6572732.0,940979.0,7.152,5.6317
2025-11-12,22277.5,3.02,6580462.0,953816.0,5.886,5.6266
2025-11-13,22277.5,3.09,6580462.0,953816.0,3.761,5.6266
2025-11-14,22277.5,3.07,6580462.0,953816.0,1.559,5.6266
2025-11-15,22277.5,3.07,6580462.0,953816.0,1.559,5.6266
2025-11-16,22277.5,3.07,6580462.0,953816.0,1.559,5.6266
2025-11-17,22277.5,3.13,6580462.0,953816.0,3.172,5.6266
2025-11-18,22277.5,3.2,6580462.0,953816.0,0.905,5.6266
2025-11-19,22277.5,3.17,6555283.0,941926.0,1.129,5.6134
2025-11-20,22277.5,3.17,6555283.0,941926.0,6.52,5.6134
2025-11-21,22277.5,3.19,6555283.0,941926.0,2.503,5.6134
2025-11-22,22277.5,3.19,6555283.0,941926.0,2.503,5.6134
2025-11-23,22277.5,3.19,6555283.0,941926.0,2.503,5.6134
2025-11-24,22277.5,3.15,6555283.0,941926.0,1.077,5.6134
2025-11-25,22277.5,3.1,6555283.0,941926.0,2.314,5.6134
2025-11-26,22277.5,3.0,6552419.0,903394.0,2.217,5.649
2025-11-27,22277.5,3.0,6552419.0,903394.0,2.217,5.649
2025-11-28,22277.5,2.95,6552419.0,903394.0,7.561,5.649
2025-11-29,22277.5,2.95,6552419.0,903394.0,7.561,5.649
2025-11-30,22277.5,2.92,6552419.0,903394.0,7.561,5.649
2025-12-01,22353.6,2.94,6552419.0,903394.0,3.24,5.649
2025-12-02,22353.6,2.92,6552419.0,903394.0,5.62,5.649
2025-12-03,22353.6,2.89,6535781.0,937167.0,2.514,5.5986
2025-12-04,22353.6,2.88,6535781.0,937167.0,2.233,5.5986
2025-12-05,22353.6,2.85,6535781.0,937167.0,1.485,5.5986
2025-12-06,22353.6,2.85,6535781.0,937167.0,1.485,5.5986
2025-12-07,22353.6,2.85,6535781.0,937167.0,1.485,5.5986
2025-12-08,22353.6,2.89,6535781.0,937167.0,1.703,5.5986
2025-12-09,22353.6,2.89,6535781.0,937167.0,3.211,5.5986
2025-12-10,22353.6,2.91,6539303.0,858946.0,5.045,5.6804
2025-12-11,22353.6,2.88,6539303.0,858946.0,2.874,5.6804
2025-12-12,22353.6,2.91,6539303.0,858946.0,0.838,5.6804
2025-12-13,22353.6,2.91,6539303.0,858946.0,0.838,5.6804
2025-12-14,22353.6,2.91,6539303.0,858946.0,0.838,5.6804
2025-12-15,22353.6,2.91,6539303.0,858946.0,2.601,5.6804
2025-12-16,22353.6,2.98,6539303.0,858946.0,1.554,5.6804
2025-12-17,22353.6,2.99,6556861.0,833093.0,10.361,5.7238
2025-12-18,22353.6,2.95,6556861.0,833093.0,11.708,5.7238
2025-12-19,22353.6,2.9,6556861.0,833093.0,3.047,5.7238
2025-12-20,22353.6,2.9,6556861.0,833093.0,3.047,5.7238
2025-12-21,22353.6,2.9,6556861.0,833093.0,3.047,5.7238
2025-12-22,22353.6,2.88,6556861.0,833093.0,1.523,5.7238
2025-12-23,22353.6,2.83,6556861.0,833093.0,5.893,5.7238
2025-12-24,22353.6,2.84,6581231.0,837120.0,4.803,5.7441
2025-12-25,22353.6,2.84,6581231.0,837120.0,4.803,5.7441
2025-12-26,22353.6,2.86,6581231.0,837120.0,20.339,5.7441
2025-12-27,22353.6,2.86,6581231.0,837120.0,20.339,5.7441
2025-12-28,22353.6,2.86,6581231.0,837120.0,20.339,5.7441
2025-12-29,22353.6,2.87,6581231.0,837120.0,10.551,5.7441
2025-12-30,22353.6,2.84,6581231.0,837120.0,12.605,5.7441
2025-12-31,22353.6,2.81,6640618.0,837306.0,105.993,5.8032
2026-01-01,22429.3,2.81,6640618.0,837306.0,105.993,5.8032
2026-01-02,22429.3,2.83,6640618.0,837306.0,5.667,5.8033
2026-01-03,22429.3,2.83,6640618.0,837306.0,5.667,5.8033
2026-01-04,22429.3,2.83,6640618.0,837306.0,5.667,5.8033
2026-01-05,22429.3,2.81,6640618.0,837306.0,6.485,5.8033
2026-01-06,22429.3,2.79,6640618.0,837306.0,2.582,5.8033
2026-01-07,22429.3,2.79,6573602.0,796148.0,4.582,5.7774
2026-01-08,22429.3,2.76,6573602.0,796148.0,3.083,5.7775
2026-01-09,22429.3,2.74,6573602.0,796148.0,3.28,5.7775
2026-01-10,22429.3,2.74,6573602.0,796148.0,3.28,5.7775
2026-01-11,22429.3,2.74,6573602.0,796148.0,3.28,5.7775
2026-01-12,22429.3,2.74,6573602.0,796148.0,3.402,5.7775
2026-01-13,22429.3,2.75,6573602.0,796148.0,3.277,5.7775
2026-01-14,22429.3,2.76,6581700.0,779175.0,3.223,5.8025
2026-01-15,22429.3,2.71,6581700.0,779175.0,2.003,5.8025
2026-01-16,22429.3,2.65,6581700.0,779175.0,1.222,5.8025
2026-01-17,22429.3,2.65,6581700.0,779175.0,1.222,5.8025
2026-01-18,22429.3,2.65,6581700.0,779175.0,1.222,5.8025
2026-01-19,22429.3,2.65,6581700.0,779175.0,1.222,5.8025
2026-01-20,22429.3,2.73,6581700.0,779175.0,3.506,5.8025
2026-01-21,22429.3,2.69,6584580.0,869261.0,3.344,5.7153
2026-01-22,22429.3,2.64,6584580.0,869261.0,2.058,5.7153
2026-01-23,22429.3,2.68,6584580.0,869261.0,0.927,5.7153
2026-01-24,22429.3,2.68,6584580.0,869261.0,0.927,5.7153
2026-01-25,22429.3,2.68,6584580.0,869261.0,0.927,5.7153
2026-01-26,22429.3,2.69,6584580.0,869261.0,1.489,5.7153
2026-01-27,22429.3,2.71,6584580.0,869261.0,1.253,5.7153
2026-01-28,22429.3,2.72,6587568.0,923042.0,1.103,5.6645
2026-01-29,22429.3,2.77,6587568.0,923042.0,2.852,5.6645
2026-01-30,22429.3,2.8,6587568.0,923042.0,9.629,5.6645
2026-01-31,22429.3,2.88,6587568.0,923042.0,9.629,5.6645
2026-02-01,22627.3,2.88,6587568.0,923042.0,9.629,5.6645
2026-02-02,22627.3,2.81,6587568.0,923042.0,10.415,5.6645
2026-02-03,22627.3,2.85,6587568.0,923042.0,1.785,5.6645
2026-02-04,22627.3,2.86,6605909.0,908773.0,2.414,5.6971
2026-02-05,22627.3,2.97,6605909.0,908773.0,1.748,5.6971
2026-02-06,22627.3,2.87,6605909.0,908773.0,3.111,5.6971
2026-02-07,22627.3,2.87,6605909.0,908773.0,3.111,5.6971
2026-02-08,22627.3,2.87,6605909.0,908773.0,3.111,5.6971
2026-02-09,22627.3,2.84,6605909.0,908773.0,1.306,5.6971
2026-02-10,22627.3,2.86,6605909.0,908773.0,1.447,5.6971
2026-02-11,22627.3,2.84,6622382.0,915306.0,1.048,5.7071
2026-02-12,22627.3,2.92,6622382.0,915306.0,2.844,5.7071
2026-02-13,22627.3,2.95,6622382.0,915306.0,0.377,5.7071
2026-02-14,22627.3,2.95,6622382.0,915306.0,0.377,5.7071
2026-02-15,22627.3,2.95,6622382.0,915306.0,0.377,5.7071
2026-02-16,22627.3,2.94,6622382.0,915306.0,0.377,5.7071
2026-02-17,22627.3,2.94,6622382.0,915306.0,0.441,5.7071
2026-02-18,22627.3,2.86,6613395.0,912727.0,0.856,5.7007
2026-02-19,22627.3,2.88,6613395.0,912727.0,0.632,5.7007
2026-02-20,22627.3,2.86,6613395.0,912727.0,0.496,5.7007
2026-02-21,22627.3,2.86,6613395.0,912727.0,0.496,5.7007
2026-02-22,22627.3,2.86,6613395.0,912727.0,0.496,5.7007
2026-02-23,22627.3,2.95,6613395.0,912727.0,0.877,5.7007
2026-02-24,22627.3,2.97,6613395.0,912727.0,0.917,5.7007
2026-02-25,22627.3,2.94,6613797.0,887612.0,1.159,5.7262
2026-02-26,22627.3,2.98,6613797.0,887612.0,3.796,5.7262
2026-02-27,22627.3,3.1,6613797.0,887612.0,16.318,5.7262
2026-02-28,22627.3,3.12,6613797.0,887612.0,16.318,5.7262
2026-03-01,22686.0,3.12,6613797.0,887612.0,16.318,5.7262
2026-03-02,22686.0,3.03,6613797.0,887612.0,0.627,5.7262
2026-03-03,22686.0,3.08,6613797.0,887612.0,1.203,5.7262
2026-03-04,22686.0,2.97,6628894.0,832053.0,0.877,5.7968
2026-03-05,22686.0,3.0,6628894.0,832053.0,2.793,5.7968
2026-03-06,22686.0,3.13,6628894.0,832053.0,1.512,5.7968
2026-03-07,22686.0,3.13,6628894.0,832053.0,1.512,5.7968
2026-03-08,22686.0,3.13,6628894.0,832053.0,1.512,5.7968
2026-03-09,22686.0,3.19,6628894.0,832053.0,0.332,5.7968
2026-03-10,22686.0,3.06,6628894.0,832053.0,0.278,5.7968
2026-03-11,22686.0,3.09,6646344.0,838186.0,0.552,5.8082
2026-03-12,22686.0,3.17,6646344.0,838186.0,0.137,5.8082
2026-03-13,22686.0,3.28,6646344.0,838186.0,0.427,5.8082
2026-03-14,22686.0,3.28,6646344.0,838186.0,0.427,5.8082
2026-03-15,22686.0,3.28,6646344.0,838186.0,0.427,5.8082
2026-03-16,22686.0,3.27,6646344.0,838186.0,0.582,5.8082
2026-03-17,22686.0,3.22,6646344.0,838186.0,0.797,5.8082
2026-03-18,22686.0,3.2,6655939.0,853052.0,0.698,5.8029
2026-03-19,22686.0,3.27,6655939.0,853052.0,0.637,5.8029
2026-03-20,22686.0,3.24,6655939.0,853052.0,0.822,5.8029
2026-03-21,22686.0,3.24,6655939.0,853052.0,0.822,5.8029
2026-03-22,22686.0,3.24,6655939.0,853052.0,0.822,5.8029
2026-03-23,22686.0,3.19,6655939.0,853052.0,0.857,5.8029
2026-03-24,22686.0,3.19,6655939.0,853052.0,1.123,5.8029
2026-03-25,22686.0,3.17,6657161.0,874077.0,0.777,5.7831
2026-03-26,22686.0,3.21,6657161.0,874077.0,0.885,5.7831
2026-03-27,22686.0,3.42,6657161.0,874077.0,0.992,5.7831
2026-03-28,22686.0,3.42,6657161.0,874077.0,0.992,5.7831
2026-03-29,22686.0,3.42,6657161.0,874077.0,0.992,5.7831
2026-03-30,22686.0,3.46,6657161.0,874077.0,0.752,5.7831
2026-03-31,22686.0,3.28,6657161.0,874077.0,15.782,5.7831
2026-04-01,22686.0,3.16,6675344.0,847718.0,2.107,5.8276
2026-04-02,22686.0,3.17,6675344.0,847718.0,0.327,5.8276
2026-04-03,22686.0,3.13,6675344.0,847718.0,0.327,5.8276
2026-04-04,22686.0,3.13,6675344.0,847718.0,0.327,5.8276
2026-04-05,22686.0,3.13,6675344.0,847718.0,0.327,5.8276
2026-04-06,22686.0,3.05,6675344.0,847718.0,0.227,5.8276
2026-04-07,22686.0,3.12,6675344.0,847718.0,15.345,5.8276
2026-04-08,22686.0,2.94,6693871.0,748376.0,0.177,5.9455
2026-04-09,22686.0,2.9,6693871.0,748376.0,0.402,5.9455
2026-04-10,22686.0,2.94,6693871.0,748376.0,0.507,5.9455
2026-04-11,22686.0,2.94,6693871.0,748376.0,0.507,5.9455
2026-04-12,22686.0,2.94,6693871.0,748376.0,0.507,5.9455
2026-04-13,22686.0,2.95,6693871.0,748376.0,0.227,5.9455
2026-04-14,22686.0,2.84,6693871.0,748376.0,0.306,5.9455
2026-04-15,22686.0,2.85,6705696.0,751354.0,0.223,5.9543
2026-04-16,,2.86,6705696.0,751354.0,0.158,5.9543
2026-04-17,,2.83,6705696.0,751354.0,0.137,5.9543
2026-04-18,,2.83,6705696.0,751354.0,0.137,5.9543
2026-04-19,,2.83,6705696.0,751354.0,0.137,5.9543
2026-04-20,,2.87,6705696.0,751354.0,0.503,5.9543
2026-04-21,,2.85,6705696.0,751354.0,0.807,5.9543
2026-04-22,,2.84,6707419.0,1005968.0,0.538,5.7015
2026-04-23,,2.86,6707419.0,1005968.0,0.114,5.7015
2026-04-24,,2.86,6707419.0,1005968.0,0.082,5.7015
2026-04-25,,2.86,6707419.0,1005968.0,0.082,5.7015
2026-04-26,,2.86,6707419.0,1005968.0,0.082,5.7015
2026-04-27,,2.84,6707419.0,1005968.0,0.363,5.7015
2026-04-28,,2.85,6707419.0,1005968.0,0.643,5.7015
2026-04-29,,2.82,6699950.0,981929.0,0.747,5.718
2026-04-30,,2.83,6699950.0,981929.0,8.261,5.718
2026-05-01,,2.77,6699950.0,981929.0,0.607,5.718
2026-05-02,,2.77,6699950.0,981929.0,0.607,5.718
2026-05-03,,2.77,6699950.0,981929.0,0.607,5.718
2026-05-04,,2.78,6699950.0,981929.0,0.618,5.718
2026-05-05,,2.77,6699950.0,981929.0,1.122,5.718
2026-05-06,,2.75,6709505.0,877761.0,1.633,5.8317
2026-05-07,,2.79,6709505.0,877761.0,0.773,5.8317
2026-05-08,,2.81,6709505.0,877761.0,0.787,5.8317
2026-05-09,,2.81,6709505.0,877761.0,0.787,5.8317
2026-05-10,,2.81,6709505.0,877761.0,0.787,5.8317
2026-05-11,,2.79,6709505.0,877761.0,1.133,5.8317
2026-05-12,,2.82,6709505.0,877761.0,1.199,5.8317
2026-05-13,,2.82,6728502.0,838584.0,3.719,5.8899
2026-05-14,,2.76,6728502.0,838584.0,2.034,5.8899
2026-05-15,,2.76,6728502.0,838584.0,0.647,5.8899
2026-05-16,22686.0,2.76,6728502.0,838584.0,0.647,5.8893
2026-05-17,22686.0,2.76,6728502.0,838584.0,0.647,5.8893
